0, -0.500000, -0.574707, -0.261158, 0
1, 0.500000, -0.655886, -0.763522, 1
2, -0.500000, -0.598257, -0.398858, 0
3, 0.500000, -0.067006, -0.457549, 1
4, -0.500000, -0.680920, -0.420982, 0
5, 0.500000, -0.510060, -0.024464, 1
6, -0.500000, -0.724372, -0.597075, 0
7, 0.500000, -0.545265, -0.459797, 1
8, -0.500000, -0.434728, -0.202625, 0
9, 0.500000, -0.364164, -0.185214, 1
10, -0.500000, -0.602236, -0.487670, 0
11, 0.500000, -0.501798, -0.580927, 1
12, -0.500000, -0.193151, -0.329227, 0
13, 0.500000, -0.783282, -0.197862, 1
14, -0.500000, -0.209498, -0.162130, 0
15, 0.500000, -0.473001, -0.371124, 1
16, -0.500000, -0.010206, -0.715806, 0
17, 0.500000, -0.334645, -0.608462, 1
18, -0.500000, -0.314663, -0.788569, 0
19, 0.500000, -0.652929, -0.195583, 1
20, -0.500000, -0.409550, -0.362989, 0
21, 0.500000, -0.606965, -0.720841, 1
22, -0.500000, -0.546982, -0.352230, 0
23, 0.500000, -0.380637, -0.181710, 1
24, -0.500000, -0.554854, -0.331719, 0
25, 0.500000, -0.753841, -0.744009, 1
26, -0.500000, -0.019389, -0.455638, 0
27, 0.500000, -0.524935, -0.212540, 1
28, -0.500000, -0.784866, -0.095135, 0
29, 0.500000, -0.797320, -0.581282, 1
30, -0.500000, -0.257264, -0.470320, 0
31, 0.500000, -0.539325, -0.654388, 1
32, -0.500000, -0.386126, -0.460888, 0
33, 0.500000, -0.462850, -0.287706, 1
34, -0.500000, -0.449456, -0.315778, 0
35, 0.500000, -0.070208, -0.445925, 1
36, -0.500000, -0.678767, -0.677173, 0
37, 0.500000, -0.366765, -0.425749, 1
38, -0.500000, -0.616320, -0.334320, 0
39, 0.500000, -0.194376, -0.371174, 1
40, -0.500000, -0.252958, -0.148217, 0
41, 0.500000, -0.702101, -0.272346, 1
42, -0.500000, -0.190774, -0.013954, 0
43, 0.500000, -0.071805, -0.562558, 1
44, -0.500000, -0.109090, -0.069124, 0
45, 0.500000, -0.343840, -0.753272, 1
46, -0.500000, -0.126362, -0.470083, 0
47, 0.500000, -0.607659, -0.099406, 1
48, -0.500000, -0.130970, -0.270509, 0
49, 0.500000, -0.774031, -0.167345, 1
50, -0.500000, -0.586287, -0.044238, 0
51, 0.500000, -0.200188, -0.051973, 1
52, -0.500000, -0.308330, -0.153871, 0
53, 0.500000, -0.064639, -0.124650, 1
54, -0.500000, -0.075110, -0.645934, 0
55, 0.500000, -0.082742, -0.328067, 1
56, -0.500000, -0.794150, -0.784842, 0
57, 0.500000, -0.600414, -0.571842, 1
58, -0.500000, -0.798797, -0.259136, 0
59, 0.500000, -0.334400, -0.494805, 1
60, -0.500000, -0.715178, -0.265158, 0
61, 0.500000, -0.448076, -0.428459, 1
62, -0.500000, -0.735242, -0.255735, 0
63, 0.500000, -0.527866, -0.453130, 1
64, -0.500000, -0.526244, -0.501896, 0
65, 0.500000, -0.620475, -0.699450, 1
66, -0.500000, -0.133053, -0.407581, 0
67, 0.500000, -0.338341, -0.441382, 1
68, -0.500000, -0.561452, -0.789898, 0
69, 0.500000, -0.152950, -0.636561, 1
70, -0.500000, -0.635832, -0.622610, 0
71, 0.500000, -0.164628, -0.216901, 1
72, -0.500000, -0.607452, -0.351959, 0
73, 0.500000, -0.788743, -0.193167, 1
74, -0.500000, -0.611095, -0.323143, 0
75, 0.500000, -0.687972, -0.526274, 1
76, -0.500000, -0.175220, -0.722966, 0
77, 0.500000, -0.154733, -0.110461, 1
78, -0.500000, -0.178702, -0.269517, 0
79, 0.500000, -0.563591, -0.291864, 1
80, -0.500000, -0.771413, -0.770984, 0
81, 0.500000, -0.578232, -0.491384, 1
82, -0.500000, -0.378565, -0.116572, 0
83, 0.500000, -0.519684, -0.140017, 1
84, -0.500000, -0.106470, -0.672634, 0
85, 0.500000, -0.363496, -0.329220, 1
86, -0.500000, -0.495243, -0.528123, 0
87, 0.500000, -0.546121, -0.689614, 1
88, -0.500000, -0.080082, -0.121782, 0
89, 0.500000, -0.469699, -0.691178, 1
90, -0.500000, -0.031843, -0.744590, 0
91, 0.500000, -0.004370, -0.207062, 1
92, -0.500000, -0.667555, -0.546021, 0
93, 0.500000, -0.704442, -0.046257, 1
94, -0.500000, -0.015538, -0.054951, 0
95, 0.500000, -0.338120, -0.373868, 1
96, -0.500000, -0.025935, -0.116352, 0
97, 0.500000, -0.065252, -0.791418, 1
98, -0.500000, -0.619842, -0.584936, 0
99, 0.500000, -0.518353, -0.313230, 1
100, -0.500000, -0.457570, -0.081849, 0
101, 0.500000, -0.642450, -0.539731, 1
102, -0.500000, -0.609972, -0.775490, 0
103, 0.500000, -0.016263, -0.690054, 1
104, -0.500000, -0.097271, -0.485962, 0
105, 0.500000, -0.168150, -0.129114, 1
106, -0.500000, -0.017470, -0.172520, 0
107, 0.500000, -0.723094, -0.685025, 1
108, -0.500000, -0.718541, -0.627536, 0
109, 0.500000, -0.731282, -0.320996, 1
110, -0.500000, -0.682487, -0.656320, 0
111, 0.500000, -0.694864, -0.295340, 1
112, -0.500000, -0.359590, -0.760116, 0
113, 0.500000, -0.286758, -0.566350, 1
114, -0.500000, -0.131970, -0.005111, 0
115, 0.500000, -0.079581, -0.176458, 1
116, -0.500000, -0.086959, -0.308950, 0
117, 0.500000, -0.716188, -0.283850, 1
118, -0.500000, -0.284438, -0.319370, 0
119, 0.500000, -0.173903, -0.381710, 1
120, -0.500000, -0.392250, -0.728972, 0
121, 0.500000, -0.097742, -0.409719, 1
122, -0.500000, -0.488410, -0.407754, 0
123, 0.500000, -0.294744, -0.793869, 1
124, -0.500000, -0.235290, -0.612944, 0
125, 0.500000, -0.314865, -0.504695, 1
126, -0.500000, -0.056182, -0.209729, 0
127, 0.500000, -0.000035, -0.002690, 1
128, -0.500000, -0.556762, -0.286794, 0
129, 0.500000, -0.569040, -0.688732, 1
130, -0.500000, -0.678822, -0.648620, 0
131, 0.500000, -0.065190, -0.765782, 1
132, -0.500000, -0.157570, -0.368296, 0
133, 0.500000, -0.249631, -0.028926, 1
134, -0.500000, -0.687665, -0.010453, 0
135, 0.500000, -0.410635, -0.666833, 1
136, -0.500000, -0.326342, -0.095295, 0
137, 0.500000, -0.276552, -0.014752, 1
138, -0.500000, -0.503049, -0.158214, 0
139, 0.500000, -0.008621, -0.325258, 1
140, -0.500000, -0.771158, -0.710403, 0
141, 0.500000, -0.029953, -0.414258, 1
142, -0.500000, -0.507050, -0.029988, 0
143, 0.500000, -0.416948, -0.650731, 1
144, -0.500000, -0.703699, -0.185987, 0
145, 0.500000, -0.539463, -0.582522, 1
146, -0.500000, -0.421526, -0.191570, 0
147, 0.500000, -0.135222, -0.166014, 1
148, -0.500000, -0.146785, -0.384853, 0
149, 0.500000, -0.194939, -0.421368, 1
150, -0.500000, -0.782223, -0.192493, 0
151, 0.500000, -0.288201, -0.308566, 1
152, -0.500000, -0.287788, -0.564753, 0
153, 0.500000, -0.710236, -0.377755, 1
154, -0.500000, -0.722967, -0.718857, 0
155, 0.500000, -0.703012, -0.281043, 1
156, -0.500000, -0.216178, -0.732965, 0
157, 0.500000, -0.695302, -0.723228, 1
158, -0.500000, -0.349870, -0.312249, 0
159, 0.500000, -0.573959, -0.253570, 1
160, -0.500000, -0.085154, -0.700340, 0
161, 0.500000, -0.036091, -0.506680, 1
162, -0.500000, -0.478829, -0.171313, 0
163, 0.500000, -0.259612, -0.625614, 1
164, -0.500000, -0.143084, -0.454551, 0
165, 0.500000, -0.633899, -0.512226, 1
166, -0.500000, -0.647044, -0.122100, 0
167, 0.500000, -0.407710, -0.521750, 1
168, -0.500000, -0.273770, -0.317946, 0
169, 0.500000, -0.099505, -0.583656, 1
170, -0.500000, -0.623720, -0.389435, 0
171, 0.500000, -0.064699, -0.039898, 1
172, -0.500000, -0.709318, -0.346918, 0
173, 0.500000, -0.350045, -0.259188, 1
174, -0.500000, -0.659167, -0.510922, 0
175, 0.500000, -0.512758, -0.331240, 1
176, -0.500000, -0.798180, -0.135767, 0
177, 0.500000, -0.424838, -0.477009, 1
178, -0.500000, -0.307080, -0.684450, 0
179, 0.500000, -0.689541, -0.037082, 1
180, -0.500000, -0.725919, -0.523440, 0
181, 0.500000, -0.549307, -0.159882, 1
182, -0.500000, -0.232458, -0.157017, 0
183, 0.500000, -0.681631, -0.506228, 1
184, -0.500000, -0.474962, -0.368054, 0
185, 0.500000, -0.289884, -0.685600, 1
186, -0.500000, -0.757489, -0.741501, 0
187, 0.500000, -0.725498, -0.666806, 1
188, -0.500000, -0.288419, -0.275542, 0
189, 0.500000, -0.512913, -0.534505, 1
190, -0.500000, -0.373382, -0.225670, 0
191, 0.500000, -0.065745, -0.371562, 1
192, -0.500000, -0.361438, -0.077502, 0
193, 0.500000, -0.048571, -0.255436, 1
194, -0.500000, -0.761952, -0.325030, 0
195, 0.500000, -0.292518, -0.274790, 1
196, -0.500000, -0.048470, -0.428743, 0
197, 0.500000, -0.434670, -0.667846, 1
198, -0.500000, -0.172678, -0.316302, 0
199, 0.500000, -0.374074, -0.647640, 1
200, -0.500000, -0.271274, -0.250876, 0
201, 0.500000, -0.533240, -0.615680, 1
202, -0.500000, -0.579295, -0.045656, 0
203, 0.500000, -0.482486, -0.067714, 1
204, -0.500000, -0.708117, -0.195398, 0
205, 0.500000, -0.189138, -0.281499, 1
206, -0.500000, -0.007987, -0.254882, 0
207, 0.500000, -0.653062, -0.369424, 1
208, -0.500000, -0.719302, -0.701633, 0
209, 0.500000, -0.211778, -0.681254, 1
210, -0.500000, -0.613582, -0.504296, 0
211, 0.500000, -0.156043, -0.662051, 1
212, -0.500000, -0.133039, -0.177632, 0
213, 0.500000, -0.529897, -0.692635, 1
214, -0.500000, -0.493933, -0.490889, 0
215, 0.500000, -0.127194, -0.765206, 1
216, -0.500000, -0.328682, -0.660433, 0
217, 0.500000, -0.167805, -0.107978, 1
218, -0.500000, -0.293007, -0.650290, 0
219, 0.500000, -0.562610, -0.201124, 1
220, -0.500000, -0.432607, -0.751747, 0
221, 0.500000, -0.069542, -0.027513, 1
222, -0.500000, -0.593547, -0.722603, 0
223, 0.500000, -0.783855, -0.512850, 1
224, -0.500000, -0.211154, -0.195633, 0
225, 0.500000, -0.781022, -0.024736, 1
226, -0.500000, -0.699929, -0.523982, 0
227, 0.500000, -0.273705, -0.419886, 1
228, -0.500000, -0.701614, -0.390520, 0
229, 0.500000, -0.312521, -0.395547, 1
230, -0.500000, -0.468326, -0.439714, 0
231, 0.500000, -0.747671, -0.797009, 1
232, -0.500000, -0.687066, -0.115476, 0
233, 0.500000, -0.491905, -0.566991, 1
234, -0.500000, -0.352685, -0.254514, 0
235, 0.500000, -0.355034, -0.372210, 1
236, -0.500000, -0.206261, -0.424575, 0
237, 0.500000, -0.399722, -0.799808, 1
238, -0.500000, -0.347178, -0.770496, 0
239, 0.500000, -0.099576, -0.145251, 1
240, -0.500000, -0.166129, -0.080597, 0
241, 0.500000, -0.169986, -0.066057, 1
242, -0.500000, -0.604579, -0.030610, 0
243, 0.500000, -0.072861, -0.506194, 1
244, -0.500000, -0.421130, -0.772300, 0
245, 0.500000, -0.488658, -0.089456, 1
246, -0.500000, -0.798933, -0.023248, 0
247, 0.500000, -0.473383, -0.685998, 1
248, -0.500000, -0.138724, -0.165287, 0
249, 0.500000, -0.039907, -0.078326, 1
250, -0.500000, -0.419802, -0.394940, 0
251, 0.500000, -0.037455, -0.212981, 1
252, -0.500000, -0.019515, -0.024096, 0
253, 0.500000, -0.599707, -0.366693, 1
254, -0.500000, -0.794591, -0.699282, 0
255, 0.500000, -0.511944, -0.160720, 1
256, -0.500000, -0.779879, -0.268849, 0
257, 0.500000, -0.613695, -0.584458, 1
258, -0.500000, -0.299458, -0.686556, 0
259, 0.500000, -0.290652, -0.720587, 1
260, -0.500000, -0.245774, -0.779310, 0
261, 0.500000, -0.396962, -0.244706, 1
262, -0.500000, -0.389477, -0.070344, 0
263, 0.500000, -0.517622, -0.528200, 1
264, -0.500000, -0.235631, -0.557530, 0
265, 0.500000, -0.193445, -0.242351, 1
266, -0.500000, -0.152470, -0.617818, 0
267, 0.500000, -0.042250, -0.171984, 1
268, -0.500000, -0.641914, -0.228875, 0
269, 0.500000, -0.125595, -0.636505, 1
270, -0.500000, -0.128158, -0.224458, 0
271, 0.500000, -0.384143, -0.494955, 1
272, -0.500000, -0.080224, -0.197838, 0
273, 0.500000, -0.666332, -0.379682, 1
274, -0.500000, -0.471312, -0.156983, 0
275, 0.500000, -0.687188, -0.717086, 1
276, -0.500000, -0.523212, -0.671067, 0
277, 0.500000, -0.161792, -0.112688, 1
278, -0.500000, -0.741411, -0.266333, 0
279, 0.500000, -0.227806, -0.563961, 1
280, -0.500000, -0.023862, -0.008170, 0
281, 0.500000, -0.393230, -0.176331, 1
282, -0.500000, -0.625988, -0.435480, 0
283, 0.500000, -0.735234, -0.054820, 1
284, -0.500000, -0.664354, -0.447747, 0
285, 0.500000, -0.691325, -0.379430, 1
286, -0.500000, -0.672205, -0.662386, 0
287, 0.500000, -0.074385, -0.752429, 1
288, -0.500000, -0.060223, -0.327635, 0
289, 0.500000, -0.719029, -0.118454, 1
290, -0.500000, -0.484618, -0.193135, 0
291, 0.500000, -0.035539, -0.594748, 1
292, -0.500000, -0.064202, -0.584250, 0
293, 0.500000, -0.294354, -0.005614, 1
294, -0.500000, -0.437501, -0.109079, 0
295, 0.500000, -0.156493, -0.461362, 1
296, -0.500000, -0.504167, -0.549722, 0
297, 0.500000, -0.224612, -0.330155, 1
298, -0.500000, -0.572121, -0.546764, 0
299, 0.500000, -0.771893, -0.023394, 1
300, -0.500000, -0.194511, -0.663218, 0
301, 0.500000, -0.789742, -0.453634, 1
302, -0.500000, -0.112522, -0.451045, 0
303, 0.500000, -0.792981, -0.172745, 1
304, -0.500000, -0.778680, -0.712010, 0
305, 0.500000, -0.678116, -0.050216, 1
306, -0.500000, -0.105145, -0.300574, 0
307, 0.500000, -0.644964, -0.556265, 1
308, -0.500000, -0.471741, -0.526237, 0
309, 0.500000, -0.561878, -0.109242, 1
310, -0.500000, -0.222234, -0.305289, 0
311, 0.500000, -0.570604, -0.313320, 1
312, -0.500000, -0.441930, -0.382134, 0
313, 0.500000, -0.230394, -0.214050, 1
314, -0.500000, -0.128898, -0.202286, 0
315, 0.500000, -0.624362, -0.710328, 1
316, -0.500000, -0.452422, -0.614103, 0
317, 0.500000, -0.363962, -0.564943, 1
318, -0.500000, -0.265148, -0.356942, 0
319, 0.500000, -0.324606, -0.243828, 1
320, -0.500000, -0.268952, -0.202722, 0
321, 0.500000, -0.294044, -0.761015, 1
322, -0.500000, -0.503295, -0.525926, 0
323, 0.500000, -0.517280, -0.175036, 1
324, -0.500000, -0.639082, -0.666076, 0
325, 0.500000, -0.671195, -0.448234, 1
326, -0.500000, -0.558283, -0.028718, 0
327, 0.500000, -0.761554, -0.200213, 1
328, -0.500000, -0.410851, -0.191947, 0
329, 0.500000, -0.001182, -0.126668, 1
330, -0.500000, -0.394234, -0.625543, 0
331, 0.500000, -0.036995, -0.046655, 1
332, -0.500000, -0.026565, -0.400957, 0
333, 0.500000, -0.198516, -0.291713, 1
334, -0.500000, -0.344818, -0.523122, 0
335, 0.500000, -0.122458, -0.200688, 1
336, -0.500000, -0.312762, -0.003421, 0
337, 0.500000, -0.548622, -0.402975, 1
338, -0.500000, -0.529346, -0.265901, 0
339, 0.500000, -0.164929, -0.755346, 1
340, -0.500000, -0.518895, -0.036124, 0
341, 0.500000, -0.403580, -0.277178, 1
342, -0.500000, -0.064842, -0.365134, 0
343, 0.500000, -0.477391, -0.475693, 1
344, -0.500000, -0.144000, -0.065491, 0
345, 0.500000, -0.189278, -0.125151, 1
346, -0.500000, -0.691034, -0.226274, 0
347, 0.500000, -0.558725, -0.304517, 1
348, -0.500000, -0.214149, -0.757241, 0
349, 0.500000, -0.596229, -0.145885, 1
350, -0.500000, -0.480362, -0.305606, 0
351, 0.500000, -0.346573, -0.380042, 1
352, -0.500000, -0.309026, -0.095194, 0
353, 0.500000, -0.783017, -0.038373, 1
354, -0.500000, -0.748014, -0.147946, 0
355, 0.500000, -0.380637, -0.466909, 1
356, -0.500000, -0.184070, -0.784217, 0
357, 0.500000, -0.331006, -0.248911, 1
358, -0.500000, -0.736270, -0.008397, 0
359, 0.500000, -0.311522, -0.467187, 1
360, -0.500000, -0.460806, -0.087718, 0
361, 0.500000, -0.592338, -0.351839, 1
362, -0.500000, -0.313992, -0.351063, 0
363, 0.500000, -0.656356, -0.115059, 1
364, -0.500000, -0.308303, -0.039503, 0
365, 0.500000, -0.260944, -0.375584, 1
366, -0.500000, -0.732027, -0.194435, 0
367, 0.500000, -0.755626, -0.241053, 1
368, -0.500000, -0.289630, -0.738642, 0
369, 0.500000, -0.666344, -0.237642, 1
370, -0.500000, -0.473506, -0.246981, 0
371, 0.500000, -0.291470, -0.657576, 1
372, -0.500000, -0.618116, -0.622474, 0
373, 0.500000, -0.493406, -0.141303, 1
374, -0.500000, -0.217790, -0.391846, 0
375, 0.500000, -0.608490, -0.678595, 1
376, -0.500000, -0.479564, -0.400829, 0
377, 0.500000, -0.617353, -0.380474, 1
378, -0.500000, -0.751892, -0.060626, 0
379, 0.500000, -0.495534, -0.647114, 1
380, -0.500000, -0.487048, -0.343396, 0
381, 0.500000, -0.222697, -0.419074, 1
382, -0.500000, -0.537831, -0.565241, 0
383, 0.500000, -0.247046, -0.414378, 1
384, -0.500000, -0.090802, -0.113390, 0
385, 0.500000, -0.238939, -0.564308, 1
386, -0.500000, -0.747288, -0.530409, 0
387, 0.500000, -0.008802, -0.565404, 1
388, -0.500000, -0.739802, -0.502208, 0
389, 0.500000, -0.706707, -0.544509, 1
390, -0.500000, -0.480971, -0.515198, 0
391, 0.500000, -0.010022, -0.160535, 1
392, -0.500000, -0.502945, -0.214293, 0
393, 0.500000, -0.541009, -0.041754, 1
394, -0.500000, -0.274919, -0.623461, 0
395, 0.500000, -0.688868, -0.348886, 1
396, -0.500000, -0.166856, -0.498483, 0
397, 0.500000, -0.354878, -0.704687, 1
398, -0.500000, -0.263724, -0.601924, 0
399, 0.500000, -0.705984, -0.354526, 1
400, -0.500000, -0.302231, -0.144923, 0
401, 0.500000, -0.505752, -0.249519, 1
402, -0.500000, -0.675331, -0.514554, 0
403, 0.500000, -0.014923, -0.202051, 1
404, -0.500000, -0.603680, -0.308548, 0
405, 0.500000, -0.746560, -0.284651, 1
406, -0.500000, -0.410664, -0.343500, 0
407, 0.500000, -0.445186, -0.113608, 1
408, -0.500000, -0.557793, -0.573114, 0
409, 0.500000, -0.155362, -0.419630, 1
410, -0.500000, -0.396574, -0.431149, 0
411, 0.500000, -0.355434, -0.150348, 1
412, -0.500000, -0.129631, -0.710312, 0
413, 0.500000, -0.441954, -0.780274, 1
414, -0.500000, -0.512236, -0.347937, 0
415, 0.500000, -0.721717, -0.014467, 1
416, -0.500000, -0.492860, -0.427469, 0
417, 0.500000, -0.650905, -0.755110, 1
418, -0.500000, -0.142022, -0.665827, 0
419, 0.500000, -0.157160, -0.332621, 1
420, -0.500000, -0.561294, -0.490638, 0
421, 0.500000, -0.617272, -0.171958, 1
422, -0.500000, -0.034138, -0.649377, 0
423, 0.500000, -0.672484, -0.178850, 1
424, -0.500000, -0.422490, -0.414765, 0
425, 0.500000, -0.598480, -0.405982, 1
426, -0.500000, -0.045913, -0.153914, 0
427, 0.500000, -0.556330, -0.562462, 1
428, -0.500000, -0.451144, -0.198283, 0
429, 0.500000, -0.542736, -0.550298, 1
430, -0.500000, -0.546220, -0.464453, 0
431, 0.500000, -0.564765, -0.239079, 1
432, -0.500000, -0.091921, -0.002588, 0
433, 0.500000, -0.194189, -0.620862, 1
434, -0.500000, -0.255334, -0.738267, 0
435, 0.500000, -0.153482, -0.016627, 1
436, -0.500000, -0.428905, -0.357673, 0
437, 0.500000, -0.575502, -0.049962, 1
438, -0.500000, -0.207050, -0.034905, 0
439, 0.500000, -0.615729, -0.629539, 1
440, -0.500000, -0.449669, -0.001127, 0
441, 0.500000, -0.235521, -0.082500, 1
442, -0.500000, -0.155041, -0.791850, 0
443, 0.500000, -0.644962, -0.193103, 1
444, -0.500000, -0.577051, -0.387698, 0
445, 0.500000, -0.743401, -0.323271, 1
446, -0.500000, -0.052150, -0.095084, 0
447, 0.500000, -0.149269, -0.530990, 1
448, -0.500000, -0.097672, -0.730375, 0
449, 0.500000, -0.738770, -0.353005, 1
450, -0.500000, -0.668642, -0.479170, 0
451, 0.500000, -0.756550, -0.684466, 1
452, -0.500000, -0.036843, -0.532053, 0
453, 0.500000, -0.321345, -0.243893, 1
454, -0.500000, -0.566957, -0.137074, 0
455, 0.500000, -0.460350, -0.603544, 1
456, -0.500000, -0.138201, -0.282789, 0
457, 0.500000, -0.686044, -0.680159, 1
458, -0.500000, -0.661557, -0.117925, 0
459, 0.500000, -0.460181, -0.438608, 1
460, -0.500000, -0.505623, -0.403582, 0
461, 0.500000, -0.761879, -0.144692, 1
462, -0.500000, -0.498666, -0.498066, 0
463, 0.500000, -0.262600, -0.183255, 1
464, -0.500000, -0.428441, -0.201370, 0
465, 0.500000, -0.536260, -0.297083, 1
466, -0.500000, -0.680540, -0.492810, 0
467, 0.500000, -0.568466, -0.304302, 1
468, -0.500000, -0.611781, -0.089811, 0
469, 0.500000, -0.135112, -0.765656, 1
470, -0.500000, -0.613803, -0.595462, 0
471, 0.500000, -0.569200, -0.338922, 1
472, -0.500000, -0.078250, -0.042162, 0
473, 0.500000, -0.219082, -0.739807, 1
474, -0.500000, -0.160087, -0.679262, 0
475, 0.500000, -0.378415, -0.252629, 1
476, -0.500000, -0.669762, -0.727212, 0
477, 0.500000, -0.784238, -0.755345, 1
478, -0.500000, -0.425278, -0.246838, 0
479, 0.500000, -0.138600, -0.440637, 1
480, -0.500000, -0.035126, -0.261778, 0
481, 0.500000, -0.324638, -0.302584, 1
482, -0.500000, -0.754589, -0.093105, 0
483, 0.500000, -0.606885, -0.153288, 1
484, -0.500000, -0.569834, -0.328915, 0
485, 0.500000, -0.118944, -0.383638, 1
486, -0.500000, -0.124377, -0.275062, 0
487, 0.500000, -0.309478, -0.589546, 1
488, -0.500000, -0.317225, -0.115478, 0
489, 0.500000, -0.116270, -0.477312, 1
490, -0.500000, -0.381658, -0.081604, 0
491, 0.500000, -0.316858, -0.251418, 1
492, -0.500000, -0.008816, -0.301097, 0
493, 0.500000, -0.206763, -0.021012, 1
494, -0.500000, -0.134854, -0.345363, 0
495, 0.500000, -0.048567, -0.169979, 1
496, -0.500000, -0.194060, -0.373205, 0
497, 0.500000, -0.059481, -0.148649, 1
498, -0.500000, -0.466310, -0.253284, 0
499, 0.500000, -0.688854, -0.623062, 1
500, -0.500000, -0.582199, -0.007798, 0
501, 0.500000, -0.593618, -0.293494, 1
502, -0.500000, -0.282860, -0.103095, 0
503, 0.500000, -0.083040, -0.187003, 1
504, -0.500000, -0.218572, -0.199310, 0
505, 0.500000, -0.251233, -0.600230, 1
506, -0.500000, -0.280914, -0.568091, 0
507, 0.500000, -0.051648, -0.676648, 1
508, -0.500000, -0.456106, -0.645330, 0
509, 0.500000, -0.284578, -0.590960, 1
510, -0.500000, -0.577611, -0.333145, 0
511, 0.500000, -0.347857, -0.771671, 1
512, -0.500000, -0.706350, -0.794256, 0
513, 0.500000, -0.507238, -0.759577, 1
514, -0.500000, -0.247540, -0.396092, 0
515, 0.500000, -0.582638, -0.029739, 1
516, -0.500000, -0.790809, -0.376256, 0
517, 0.500000, -0.710152, -0.660587, 1
518, -0.500000, -0.479350, -0.793192, 0
519, 0.500000, -0.047590, -0.697922, 1
520, -0.500000, -0.192502, -0.298822, 0
521, 0.500000, -0.085070, -0.060334, 1
522, -0.500000, -0.453832, -0.136718, 0
523, 0.500000, -0.736982, -0.109938, 1
524, -0.500000, -0.368966, -0.221559, 0
525, 0.500000, -0.287817, -0.146576, 1
526, -0.500000, -0.141622, -0.635674, 0
527, 0.500000, -0.505166, -0.047971, 1
528, -0.500000, -0.216848, -0.212403, 0
529, 0.500000, -0.007548, -0.464388, 1
530, -0.500000, -0.195414, -0.177105, 0
531, 0.500000, -0.081046, -0.573140, 1
532, -0.500000, -0.553360, -0.791198, 0
533, 0.500000, -0.433727, -0.232710, 1
534, -0.500000, -0.784389, -0.068235, 0
535, 0.500000, -0.517551, -0.563809, 1
536, -0.500000, -0.367058, -0.602622, 0
537, 0.500000, -0.211061, -0.407808, 1
538, -0.500000, -0.326258, -0.534961, 0
539, 0.500000, -0.517746, -0.282141, 1
540, -0.500000, -0.343438, -0.392481, 0
541, 0.500000, -0.428717, -0.485059, 1
542, -0.500000, -0.615073, -0.520801, 0
543, 0.500000, -0.533030, -0.031920, 1
544, -0.500000, -0.320122, -0.127496, 0
545, 0.500000, -0.496308, -0.515535, 1
546, -0.500000, -0.304601, -0.164271, 0
547, 0.500000, -0.288675, -0.444879, 1
548, -0.500000, -0.155469, -0.309320, 0
549, 0.500000, -0.677590, -0.526776, 1
550, -0.500000, -0.377555, -0.782059, 0
551, 0.500000, -0.677503, -0.744612, 1
552, -0.500000, -0.171598, -0.088564, 0
553, 0.500000, -0.739338, -0.084774, 1
554, -0.500000, -0.623524, -0.044002, 0
555, 0.500000, -0.366915, -0.166962, 1
556, -0.500000, -0.436483, -0.382550, 0
557, 0.500000, -0.238939, -0.251556, 1
558, -0.500000, -0.103350, -0.358888, 0
559, 0.500000, -0.283476, -0.423472, 1
560, -0.500000, -0.486384, -0.366702, 0
561, 0.500000, -0.525926, -0.377902, 1
562, -0.500000, -0.530973, -0.401518, 0
563, 0.500000, -0.022782, -0.273360, 1
564, -0.500000, -0.710838, -0.287289, 0
565, 0.500000, -0.387054, -0.288394, 1
566, -0.500000, -0.656266, -0.264557, 0
567, 0.500000, -0.619924, -0.027865, 1
568, -0.500000, -0.740038, -0.559262, 0
569, 0.500000, -0.112638, -0.150481, 1
570, -0.500000, -0.603264, -0.066472, 0
571, 0.500000, -0.704361, -0.239747, 1
572, -0.500000, -0.449022, -0.143300, 0
573, 0.500000, -0.078222, -0.139290, 1
574, -0.500000, -0.502188, -0.361697, 0
575, 0.500000, -0.149681, -0.188571, 1
576, -0.500000, -0.315317, -0.675606, 0
577, 0.500000, -0.153392, -0.433208, 1
578, -0.500000, -0.277125, -0.176174, 0
579, 0.500000, -0.706568, -0.187963, 1
580, -0.500000, -0.463462, -0.293622, 0
581, 0.500000, -0.063274, -0.706646, 1
582, -0.500000, -0.558178, -0.683198, 0
583, 0.500000, -0.734511, -0.085134, 1
584, -0.500000, -0.442460, -0.434068, 0
585, 0.500000, -0.235615, -0.632642, 1
586, -0.500000, -0.500539, -0.139976, 0
587, 0.500000, -0.459308, -0.536479, 1
588, -0.500000, -0.283276, -0.537529, 0
589, 0.500000, -0.262688, -0.372382, 1
590, -0.500000, -0.486144, -0.412369, 0
591, 0.500000, -0.560954, -0.001461, 1
592, -0.500000, -0.674894, -0.301264, 0
593, 0.500000, -0.434669, -0.152018, 1
594, -0.500000, -0.477437, -0.728155, 0
595, 0.500000, -0.726899, -0.527818, 1
596, -0.500000, -0.221776, -0.790174, 0
597, 0.500000, -0.434464, -0.366872, 1
598, -0.500000, -0.260290, -0.755893, 0
599, 0.500000, -0.038925, -0.289668, 1
600, -0.500000, -0.389961, -0.274540, 0
601, 0.500000, -0.122310, -0.477418, 1
602, -0.500000, -0.001434, -0.581618, 0
603, 0.500000, -0.600816, -0.284710, 1
604, -0.500000, -0.706065, -0.063504, 0
605, 0.500000, -0.657093, -0.392209, 1
606, -0.500000, -0.475873, -0.004964, 0
607, 0.500000, -0.780588, -0.350766, 1
608, -0.500000, -0.306228, -0.002175, 0
609, 0.500000, -0.089702, -0.370583, 1
610, -0.500000, -0.730330, -0.016601, 0
611, 0.500000, -0.485318, -0.539024, 1
612, -0.500000, -0.393692, -0.506701, 0
613, 0.500000, -0.492814, -0.653982, 1
614, -0.500000, -0.462594, -0.531739, 0
615, 0.500000, -0.143650, -0.439472, 1
616, -0.500000, -0.006279, -0.652878, 0
617, 0.500000, -0.116890, -0.007714, 1
618, -0.500000, -0.434494, -0.717706, 0
619, 0.500000, -0.679342, -0.340559, 1
620, -0.500000, -0.781210, -0.123354, 0
621, 0.500000, -0.319686, -0.044000, 1
622, -0.500000, -0.515236, -0.687192, 0
623, 0.500000, -0.394766, -0.408382, 1
624, -0.500000, -0.689366, -0.484467, 0
625, 0.500000, -0.778965, -0.619696, 1
626, -0.500000, -0.087986, -0.051202, 0
627, 0.500000, -0.745638, -0.481678, 1
628, -0.500000, -0.557902, -0.438453, 0
629, 0.500000, -0.722578, -0.220495, 1
630, -0.500000, -0.170192, -0.066227, 0
631, 0.500000, -0.246886, -0.176471, 1
632, -0.500000, -0.719105, -0.363775, 0
633, 0.500000, -0.571103, -0.740518, 1
634, -0.500000, -0.668399, -0.450446, 0
635, 0.500000, -0.667994, -0.236527, 1
636, -0.500000, -0.160718, -0.574598, 0
637, 0.500000, -0.280527, -0.675953, 1
638, -0.500000, -0.461790, -0.262211, 0
639, 0.500000, -0.284334, -0.351157, 1
640, -0.500000, -0.746678, -0.650218, 0
641, 0.500000, -0.557771, -0.421582, 1
642, -0.500000, -0.288337, -0.503410, 0
643, 0.500000, -0.490179, -0.046238, 1
644, -0.500000, -0.528781, -0.412757, 0
645, 0.500000, -0.653652, -0.698973, 1
646, -0.500000, -0.065902, -0.100537, 0
647, 0.500000, -0.462362, -0.371926, 1
648, -0.500000, -0.051230, -0.233466, 0
649, 0.500000, -0.312442, -0.306548, 1
650, -0.500000, -0.270830, -0.567355, 0
651, 0.500000, -0.543075, -0.431546, 1
652, -0.500000, -0.341954, -0.410520, 0
653, 0.500000, -0.694418, -0.003744, 1
654, -0.500000, -0.672731, -0.565670, 0
655, 0.500000, -0.741818, -0.619409, 1
656, -0.500000, -0.415888, -0.499590, 0
657, 0.500000, -0.627910, -0.291143, 1
658, -0.500000, -0.589917, -0.318089, 0
659, 0.500000, -0.337382, -0.318698, 1
660, -0.500000, -0.730846, -0.577951, 0
661, 0.500000, -0.604588, -0.796748, 1
662, -0.500000, -0.265406, -0.266950, 0
663, 0.500000, -0.755591, -0.703555, 1
664, -0.500000, -0.500415, -0.268034, 0
665, 0.500000, -0.210103, -0.358163, 1
666, -0.500000, -0.422307, -0.340097, 0
667, 0.500000, -0.376628, -0.764261, 1
668, -0.500000, -0.750617, -0.271046, 0
669, 0.500000, -0.354923, -0.623347, 1
670, -0.500000, -0.036716, -0.683660, 0
671, 0.500000, -0.029674, -0.039522, 1
672, -0.500000, -0.383249, -0.657584, 0
673, 0.500000, -0.717583, -0.560084, 1
674, -0.500000, -0.175673, -0.254964, 0
675, 0.500000, -0.465700, -0.493436, 1
676, -0.500000, -0.419834, -0.270288, 0
677, 0.500000, -0.077102, -0.685240, 1
678, -0.500000, -0.537238, -0.032694, 0
679, 0.500000, -0.175714, -0.624571, 1
680, -0.500000, -0.687646, -0.385817, 0
681, 0.500000, -0.569653, -0.309953, 1
682, -0.500000, -0.725914, -0.146280, 0
683, 0.500000, -0.661132, -0.676530, 1
684, -0.500000, -0.004244, -0.602973, 0
685, 0.500000, -0.086795, -0.427878, 1
686, -0.500000, -0.486633, -0.116470, 0
687, 0.500000, -0.054318, -0.456800, 1
688, -0.500000, -0.774054, -0.771901, 0
689, 0.500000, -0.216884, -0.536645, 1
690, -0.500000, -0.613783, -0.269502, 0
691, 0.500000, -0.230081, -0.620535, 1
692, -0.500000, -0.539790, -0.307182, 0
693, 0.500000, -0.505775, -0.663946, 1
694, -0.500000, -0.726794, -0.268407, 0
695, 0.500000, -0.075435, -0.614439, 1
696, -0.500000, -0.654224, -0.645087, 0
697, 0.500000, -0.511310, -0.167055, 1
698, -0.500000, -0.378286, -0.372442, 0
699, 0.500000, -0.430503, -0.769448, 1
700, -0.500000, -0.175414, -0.517298, 0
701, 0.500000, -0.397326, -0.662047, 1
702, -0.500000, -0.220686, -0.451643, 0
703, 0.500000, -0.705765, -0.581658, 1
704, -0.500000, -0.010462, -0.122649, 0
705, 0.500000, -0.318303, -0.211163, 1
706, -0.500000, -0.779069, -0.135302, 0
707, 0.500000, -0.031698, -0.518858, 1
708, -0.500000, -0.442484, -0.124391, 0
709, 0.500000, -0.769722, -0.756197, 1
710, -0.500000, -0.392798, -0.432074, 0
711, 0.500000, -0.570636, -0.247022, 1
712, -0.500000, -0.664080, -0.281946, 0
713, 0.500000, -0.000995, -0.242366, 1
714, -0.500000, -0.241306, -0.431498, 0
715, 0.500000, -0.211814, -0.416720, 1
716, -0.500000, -0.535715, -0.196057, 0
717, 0.500000, -0.665686, -0.756402, 1
718, -0.500000, -0.234618, -0.571450, 0
719, 0.500000, -0.538060, -0.245080, 1
720, -0.500000, -0.281017, -0.443281, 0
721, 0.500000, -0.456242, -0.260086, 1
722, -0.500000, -0.578582, -0.487940, 0
723, 0.500000, -0.365862, -0.607985, 1
724, -0.500000, -0.612331, -0.722501, 0
725, 0.500000, -0.564182, -0.592047, 1
726, -0.500000, -0.354575, -0.721735, 0
727, 0.500000, -0.425986, -0.218655, 1
728, -0.500000, -0.203681, -0.426982, 0
729, 0.500000, -0.047939, -0.444986, 1
730, -0.500000, -0.445398, -0.646671, 0
731, 0.500000, -0.448625, -0.181113, 1
732, -0.500000, -0.042728, -0.701229, 0
733, 0.500000, -0.524432, -0.277346, 1
734, -0.500000, -0.059597, -0.649410, 0
735, 0.500000, -0.109344, -0.340614, 1
736, -0.500000, -0.679610, -0.152505, 0
737, 0.500000, -0.187618, -0.458192, 1
738, -0.500000, -0.227363, -0.553478, 0
739, 0.500000, -0.653095, -0.426612, 1
740, -0.500000, -0.062898, -0.004194, 0
741, 0.500000, -0.218659, -0.417473, 1
742, -0.500000, -0.725930, -0.644646, 0
743, 0.500000, -0.223046, -0.516529, 1
744, -0.500000, -0.271626, -0.270986, 0
745, 0.500000, -0.548434, -0.303942, 1
746, -0.500000, -0.504575, -0.197058, 0
747, 0.500000, -0.071974, -0.547302, 1
748, -0.500000, -0.485206, -0.183324, 0
749, 0.500000, -0.411566, -0.544802, 1
750, -0.500000, -0.032734, -0.107829, 0
751, 0.500000, -0.085416, -0.299262, 1
752, -0.500000, -0.260333, -0.659951, 0
753, 0.500000, -0.757453, -0.487696, 1
754, -0.500000, -0.413430, -0.197466, 0
755, 0.500000, -0.501226, -0.063246, 1
756, -0.500000, -0.201661, -0.719885, 0
757, 0.500000, -0.480718, -0.127590, 1
758, -0.500000, -0.564530, -0.290683, 0
759, 0.500000, -0.644119, -0.423075, 1
760, -0.500000, -0.148587, -0.779471, 0
761, 0.500000, -0.313936, -0.653162, 1
762, -0.500000, -0.176530, -0.385909, 0
763, 0.500000, -0.787383, -0.661734, 1
764, -0.500000, -0.569233, -0.398950, 0
765, 0.500000, -0.406537, -0.188885, 1
766, -0.500000, -0.093696, -0.078870, 0
767, 0.500000, -0.488146, -0.354029, 1
768, -0.500000, -0.738822, -0.032517, 0
769, 0.500000, -0.428643, -0.739170, 1
770, -0.500000, -0.229983, -0.129869, 0
771, 0.500000, -0.002415, -0.431643, 1
772, -0.500000, -0.049754, -0.070052, 0
773, 0.500000, -0.146152, -0.201202, 1
774, -0.500000, -0.747654, -0.377189, 0
775, 0.500000, -0.211195, -0.096241, 1
776, -0.500000, -0.356660, -0.525131, 0
777, 0.500000, -0.336322, -0.120107, 1
778, -0.500000, -0.497958, -0.323704, 0
779, 0.500000, -0.368760, -0.267190, 1
780, -0.500000, -0.309572, -0.362215, 0
781, 0.500000, -0.456075, -0.403268, 1
782, -0.500000, -0.441086, -0.531139, 0
783, 0.500000, -0.344215, -0.766826, 1
784, -0.500000, -0.563656, -0.772858, 0
785, 0.500000, -0.292914, -0.793638, 1
786, -0.500000, -0.489645, -0.682247, 0
787, 0.500000, -0.012200, -0.126317, 1
788, -0.500000, -0.752299, -0.545270, 0
789, 0.500000, -0.714438, -0.286871, 1
790, -0.500000, -0.122459, -0.125633, 0
791, 0.500000, -0.383112, -0.066037, 1
792, -0.500000, -0.237682, -0.719433, 0
793, 0.500000, -0.186144, -0.735640, 1
794, -0.500000, -0.630055, -0.141822, 0
795, 0.500000, -0.202830, -0.139627, 1
796, -0.500000, -0.504038, -0.245823, 0
797, 0.500000, -0.129813, -0.145122, 1
798, -0.500000, -0.776962, -0.474028, 0
799, 0.500000, -0.498866, -0.540618, 1
800, -0.500000, -0.033804, -0.791779, 0
801, 0.500000, -0.121174, -0.523449, 1
802, -0.500000, -0.674026, -0.520293, 0
803, 0.500000, -0.236684, -0.213243, 1
804, -0.500000, -0.265563, -0.151121, 0
805, 0.500000, -0.500114, -0.774940, 1
806, -0.500000, -0.663672, -0.470144, 0
807, 0.500000, -0.040977, -0.101354, 1
808, -0.500000, -0.389577, -0.614039, 0
809, 0.500000, -0.036993, -0.606550, 1
810, -0.500000, -0.342780, -0.626742, 0
811, 0.500000, -0.746178, -0.046818, 1
812, -0.500000, -0.459483, -0.075990, 0
813, 0.500000, -0.578858, -0.436445, 1
814, -0.500000, -0.550018, -0.277724, 0
815, 0.500000, -0.563981, -0.170740, 1
816, -0.500000, -0.656422, -0.272074, 0
817, 0.500000, -0.694188, -0.530448, 1
818, -0.500000, -0.792366, -0.517790, 0
819, 0.500000, -0.330610, -0.644848, 1
820, -0.500000, -0.668911, -0.417642, 0
821, 0.500000, -0.619788, -0.532582, 1
822, -0.500000, -0.087786, -0.247683, 0
823, 0.500000, -0.633936, -0.064281, 1
824, -0.500000, -0.448641, -0.257847, 0
825, 0.500000, -0.670831, -0.791421, 1
826, -0.500000, -0.471506, -0.617009, 0
827, 0.500000, -0.038238, -0.130990, 1
828, -0.500000, -0.279917, -0.617096, 0
829, 0.500000, -0.154353, -0.416853, 1
830, -0.500000, -0.481738, -0.305252, 0
831, 0.500000, -0.587593, -0.338160, 1
832, -0.500000, -0.164244, -0.068699, 0
833, 0.500000, -0.455526, -0.156610, 1
834, -0.500000, -0.586489, -0.786135, 0
835, 0.500000, -0.388376, -0.455400, 1
836, -0.500000, -0.403777, -0.595082, 0
837, 0.500000, -0.574901, -0.078481, 1
838, -0.500000, -0.042765, -0.795754, 0
839, 0.500000, -0.142762, -0.078324, 1
840, -0.500000, -0.640520, -0.013593, 0
841, 0.500000, -0.456662, -0.312026, 1
842, -0.500000, -0.217519, -0.081818, 0
843, 0.500000, -0.029934, -0.497436, 1
844, -0.500000, -0.285833, -0.184286, 0
845, 0.500000, -0.114289, -0.767570, 1
846, -0.500000, -0.489538, -0.288800, 0
847, 0.500000, -0.692649, -0.240700, 1
848, -0.500000, -0.357498, -0.348174, 0
849, 0.500000, -0.397310, -0.143987, 1
850, -0.500000, -0.721227, -0.372604, 0
851, 0.500000, -0.186306, -0.711922, 1
852, -0.500000, -0.167686, -0.348124, 0
853, 0.500000, -0.790402, -0.597370, 1
854, -0.500000, -0.343878, -0.133164, 0
855, 0.500000, -0.262611, -0.184398, 1
856, -0.500000, -0.533674, -0.719274, 0
857, 0.500000, -0.083342, -0.751194, 1
858, -0.500000, -0.388010, -0.113276, 0
859, 0.500000, -0.035548, -0.673843, 1
860, -0.500000, -0.684481, -0.149837, 0
861, 0.500000, -0.228332, -0.760937, 1
862, -0.500000, -0.438637, -0.120980, 0
863, 0.500000, -0.201636, -0.383054, 1
864, -0.500000, -0.056073, -0.185864, 0
865, 0.500000, -0.113959, -0.364218, 1
866, -0.500000, -0.558468, -0.300264, 0
867, 0.500000, -0.276140, -0.726154, 1
868, -0.500000, -0.235306, -0.653461, 0
869, 0.500000, -0.110442, -0.166103, 1
870, -0.500000, -0.786625, -0.373053, 0
871, 0.500000, -0.350502, -0.107218, 1
872, -0.500000, -0.292326, -0.020762, 0
873, 0.500000, -0.058411, -0.680337, 1
874, -0.500000, -0.134038, -0.480878, 0
875, 0.500000, -0.141098, -0.018518, 1
876, -0.500000, -0.630714, -0.369430, 0
877, 0.500000, -0.779455, -0.656269, 1
878, -0.500000, -0.077328, -0.181091, 0
879, 0.500000, -0.626241, -0.133401, 1
880, -0.500000, -0.366955, -0.740199, 0
881, 0.500000, -0.084537, -0.512342, 1
882, -0.500000, -0.627382, -0.360677, 0
883, 0.500000, -0.025414, -0.062688, 1
884, -0.500000, -0.214138, -0.135855, 0
885, 0.500000, -0.228791, -0.587681, 1
886, -0.500000, -0.508908, -0.166211, 0
887, 0.500000, -0.694898, -0.388153, 1
888, -0.500000, -0.186973, -0.340227, 0
889, 0.500000, -0.655408, -0.707930, 1
890, -0.500000, -0.021104, -0.796506, 0
891, 0.500000, -0.313366, -0.238737, 1
892, -0.500000, -0.752854, -0.679739, 0
893, 0.500000, -0.481924, -0.030182, 1
894, -0.500000, -0.447749, -0.308164, 0
895, 0.500000, -0.550501, -0.401622, 1
896, -0.500000, -0.248363, -0.635038, 0
897, 0.500000, -0.113963, -0.462663, 1
898, -0.500000, -0.582633, -0.139377, 0
899, 0.500000, -0.525351, -0.383689, 1
900, -0.500000, -0.275232, -0.341061, 0
901, 0.500000, -0.171370, -0.371058, 1
902, -0.500000, -0.094190, -0.453186, 0
903, 0.500000, -0.346130, -0.281163, 1
904, -0.500000, -0.793412, -0.201538, 0
905, 0.500000, -0.576010, -0.401434, 1
906, -0.500000, -0.584962, -0.476295, 0
907, 0.500000, -0.640171, -0.124734, 1
908, -0.500000, -0.356034, -0.709013, 0
909, 0.500000, -0.541834, -0.003782, 1
910, -0.500000, -0.217177, -0.679254, 0
911, 0.500000, -0.405404, -0.052458, 1
912, -0.500000, -0.514291, -0.106286, 0
913, 0.500000, -0.102040, -0.683842, 1
914, -0.500000, -0.245662, -0.627391, 0
915, 0.500000, -0.267531, -0.107812, 1
916, -0.500000, -0.555370, -0.438901, 0
917, 0.500000, -0.065788, -0.649561, 1
918, -0.500000, -0.479004, -0.411918, 0
919, 0.500000, -0.517642, -0.472416, 1
920, -0.500000, -0.200373, -0.680570, 0
921, 0.500000, -0.460769, -0.785334, 1
922, -0.500000, -0.356866, -0.687858, 0
923, 0.500000, -0.496987, -0.712899, 1
924, -0.500000, -0.596871, -0.238822, 0
925, 0.500000, -0.303600, -0.400966, 1
926, -0.500000, -0.118075, -0.709004, 0
927, 0.500000, -0.453425, -0.219285, 1
928, -0.500000, -0.015290, -0.555465, 0
929, 0.500000, -0.103127, -0.647870, 1
930, -0.500000, -0.769774, -0.757577, 0
931, 0.500000, -0.342599, -0.112063, 1
932, -0.500000, -0.783395, -0.408387, 0
933, 0.500000, -0.761623, -0.462399, 1
934, -0.500000, -0.020305, -0.066183, 0
935, 0.500000, -0.134815, -0.220678, 1
936, -0.500000, -0.746754, -0.182502, 0
937, 0.500000, -0.592930, -0.303619, 1
938, -0.500000, -0.070361, -0.289917, 0
939, 0.500000, -0.603437, -0.667231, 1
940, -0.500000, -0.528738, -0.107037, 0
941, 0.500000, -0.268198, -0.233731, 1
942, -0.500000, -0.402959, -0.308540, 0
943, 0.500000, -0.453016, -0.005166, 1
944, -0.500000, -0.450923, -0.143061, 0
945, 0.500000, -0.653036, -0.007615, 1
946, -0.500000, -0.100638, -0.582554, 0
947, 0.500000, -0.119678, -0.470951, 1
948, -0.500000, -0.190941, -0.468220, 0
949, 0.500000, -0.133350, -0.211245, 1
950, -0.500000, -0.121322, -0.655084, 0
951, 0.500000, -0.018841, -0.068075, 1
952, -0.500000, -0.037586, -0.611770, 0
953, 0.500000, -0.758612, -0.107946, 1
954, -0.500000, -0.488606, -0.562049, 0
955, 0.500000, -0.775178, -0.604262, 1
956, -0.500000, -0.256003, -0.630294, 0
957, 0.500000, -0.037994, -0.658962, 1
958, -0.500000, -0.525752, -0.077927, 0
959, 0.500000, -0.664129, -0.176674, 1
960, -0.500000, -0.607906, -0.104082, 0
961, 0.500000, -0.571208, -0.295462, 1
962, -0.500000, -0.686636, -0.690886, 0
963, 0.500000, -0.766413, -0.464494, 1
964, -0.500000, -0.746024, -0.099763, 0
965, 0.500000, -0.675739, -0.067346, 1
966, -0.500000, -0.754846, -0.281498, 0
967, 0.500000, -0.522338, -0.379351, 1
968, -0.500000, -0.480187, -0.067869, 0
969, 0.500000, -0.487298, -0.555711, 1
970, -0.500000, -0.216836, -0.049394, 0
971, 0.500000, -0.359973, -0.472839, 1
972, -0.500000, -0.679686, -0.784885, 0
973, 0.500000, -0.331801, -0.405438, 1
974, -0.500000, -0.449730, -0.582848, 0
975, 0.500000, -0.169031, -0.257637, 1
976, -0.500000, -0.273849, -0.740239, 0
977, 0.500000, -0.140017, -0.547402, 1
978, -0.500000, -0.218043, -0.106430, 0
979, 0.500000, -0.211897, -0.164067, 1
980, -0.500000, -0.593111, -0.474554, 0
981, 0.500000, -0.618331, -0.134876, 1
982, -0.500000, -0.756053, -0.727588, 0
983, 0.500000, -0.514226, -0.023158, 1
984, -0.500000, -0.795457, -0.201524, 0
985, 0.500000, -0.578869, -0.212292, 1
986, -0.500000, -0.250917, -0.138842, 0
987, 0.500000, -0.272050, -0.517522, 1
988, -0.500000, -0.510644, -0.190769, 0
989, 0.500000, -0.509878, -0.160374, 1
990, -0.500000, -0.360534, -0.678909, 0
991, 0.500000, -0.004929, -0.634383, 1
992, -0.500000, -0.206066, -0.144946, 0
993, 0.500000, -0.381786, -0.424110, 1
994, -0.500000, -0.638294, -0.593682, 0
995, 0.500000, -0.175095, -0.431405, 1
996, -0.500000, -0.655155, -0.793426, 0
997, 0.500000, -0.566280, -0.611207, 1
998, -0.500000, -0.307932, -0.667425, 0
999, 0.500000, -0.634365, -0.690306, 1
1000, -0.500000, -0.068949, -0.413234, 0
1001, 0.500000, -0.489517, -0.706784, 1
1002, -0.500000, -0.138993, -0.761566, 0
1003, 0.500000, -0.011224, -0.649637, 1
1004, -0.500000, -0.152334, -0.521102, 0
1005, 0.500000, -0.010011, -0.512869, 1
1006, -0.500000, -0.786929, -0.014940, 0
1007, 0.500000, -0.734170, -0.192995, 1
1008, -0.500000, -0.546804, -0.315955, 0
1009, 0.500000, -0.617104, -0.385098, 1
1010, -0.500000, -0.496556, -0.792199, 0
1011, 0.500000, -0.016502, -0.351710, 1
1012, -0.500000, -0.372543, -0.169700, 0
1013, 0.500000, -0.549836, -0.267393, 1
1014, -0.500000, -0.037125, -0.384201, 0
1015, 0.500000, -0.157699, -0.492992, 1
1016, -0.500000, -0.384353, -0.647216, 0
1017, 0.500000, -0.786694, -0.110264, 1
1018, -0.500000, -0.195701, -0.797918, 0
1019, 0.500000, -0.759901, -0.348035, 1
1020, -0.500000, -0.105938, -0.356830, 0
1021, 0.500000, -0.447822, -0.092866, 1
1022, -0.500000, -0.758688, -0.381992, 0
1023, 0.500000, -0.672779, -0.505491, 1
1024, -0.500000, -0.284866, -0.076802, 0
1025, 0.500000, -0.090589, -0.781422, 1
1026, -0.500000, -0.069001, -0.107090, 0
1027, 0.500000, -0.720050, -0.028462, 1
1028, -0.500000, -0.663709, -0.469886, 0
1029, 0.500000, -0.682773, -0.700834, 1
1030, -0.500000, -0.441006, -0.040472, 0
1031, 0.500000, -0.393825, -0.412276, 1
1032, -0.500000, -0.274606, -0.380518, 0
1033, 0.500000, -0.522540, -0.470307, 1
1034, -0.500000, -0.765354, -0.482440, 0
1035, 0.500000, -0.405260, -0.071291, 1
1036, -0.500000, -0.426188, -0.053082, 0
1037, 0.500000, -0.551076, -0.384876, 1
1038, -0.500000, -0.435074, -0.423855, 0
1039, 0.500000, -0.090367, -0.719940, 1
1040, -0.500000, -0.500657, -0.180955, 0
1041, 0.500000, -0.288279, -0.156575, 1
1042, -0.500000, -0.674964, -0.208330, 0
1043, 0.500000, -0.571955, -0.538672, 1
1044, -0.500000, -0.265134, -0.454728, 0
1045, 0.500000, -0.439506, -0.706139, 1
1046, -0.500000, -0.082118, -0.420249, 0
1047, 0.500000, -0.705334, -0.743643, 1
1048, -0.500000, -0.387686, -0.427873, 0
1049, 0.500000, -0.413950, -0.353039, 1
1050, -0.500000, -0.497231, -0.019210, 0
1051, 0.500000, -0.011249, -0.123419, 1
1052, -0.500000, -0.459210, -0.562325, 0
1053, 0.500000, -0.508295, -0.094285, 1
1054, -0.500000, -0.573098, -0.185580, 0
1055, 0.500000, -0.401142, -0.273754, 1
1056, -0.500000, -0.366535, -0.276340, 0
1057, 0.500000, -0.017248, -0.241499, 1
1058, -0.500000, -0.484670, -0.589203, 0
1059, 0.500000, -0.367090, -0.336722, 1
1060, -0.500000, -0.630850, -0.393513, 0
1061, 0.500000, -0.629778, -0.712968, 1
1062, -0.500000, -0.013762, -0.535112, 0
1063, 0.500000, -0.243530, -0.788365, 1
1064, -0.500000, -0.549903, -0.657479, 0
1065, 0.500000, -0.341404, -0.247134, 1
1066, -0.500000, -0.263608, -0.352653, 0
1067, 0.500000, -0.757472, -0.309737, 1
1068, -0.500000, -0.501896, -0.052685, 0
1069, 0.500000, -0.404021, -0.274994, 1
1070, -0.500000, -0.238265, -0.392082, 0
1071, 0.500000, -0.548747, -0.191718, 1
1072, -0.500000, -0.668422, -0.565995, 0
1073, 0.500000, -0.020136, -0.740010, 1
1074, -0.500000, -0.742116, -0.387225, 0
1075, 0.500000, -0.276730, -0.572966, 1
1076, -0.500000, -0.780738, -0.493427, 0
1077, 0.500000, -0.072851, -0.381418, 1
1078, -0.500000, -0.228539, -0.316381, 0
1079, 0.500000, -0.756701, -0.778442, 1
1080, -0.500000, -0.560778, -0.298105, 0
1081, 0.500000, -0.612494, -0.411304, 1
1082, -0.500000, -0.237676, -0.156884, 0
1083, 0.500000, -0.721041, -0.739571, 1
1084, -0.500000, -0.209569, -0.711980, 0
1085, 0.500000, -0.214565, -0.034752, 1
1086, -0.500000, -0.690980, -0.350230, 0
1087, 0.500000, -0.226470, -0.146320, 1
1088, -0.500000, -0.503143, -0.633525, 0
1089, 0.500000, -0.086329, -0.032178, 1
1090, -0.500000, -0.220750, -0.749978, 0
1091, 0.500000, -0.605143, -0.588406, 1
1092, -0.500000, -0.443405, -0.264913, 0
1093, 0.500000, -0.556741, -0.258862, 1
1094, -0.500000, -0.168211, -0.513442, 0
1095, 0.500000, -0.624222, -0.315908, 1
1096, -0.500000, -0.398464, -0.023634, 0
1097, 0.500000, -0.314130, -0.636140, 1
1098, -0.500000, -0.180518, -0.235170, 0
1099, 0.500000, -0.162630, -0.777006, 1
1100, -0.500000, -0.534069, -0.377194, 0
1101, 0.500000, -0.011758, -0.425048, 1
1102, -0.500000, -0.314342, -0.625146, 0
1103, 0.500000, -0.571368, -0.017486, 1
1104, -0.500000, -0.458671, -0.244615, 0
1105, 0.500000, -0.049663, -0.266338, 1
1106, -0.500000, -0.194593, -0.241724, 0
1107, 0.500000, -0.441662, -0.224916, 1
1108, -0.500000, -0.093555, -0.198403, 0
1109, 0.500000, -0.070696, -0.648685, 1
1110, -0.500000, -0.298762, -0.694918, 0
1111, 0.500000, -0.164592, -0.697226, 1
1112, -0.500000, -0.718553, -0.065641, 0
1113, 0.500000, -0.120285, -0.485990, 1
1114, -0.500000, -0.300811, -0.282914, 0
1115, 0.500000, -0.462995, -0.421798, 1
1116, -0.500000, -0.247026, -0.061671, 0
1117, 0.500000, -0.046846, -0.561368, 1
1118, -0.500000, -0.273736, -0.205132, 0
1119, 0.500000, -0.578853, -0.319325, 1
1120, -0.500000, -0.449746, -0.215434, 0
1121, 0.500000, -0.585663, -0.231258, 1
1122, -0.500000, -0.457158, -0.227326, 0
1123, 0.500000, -0.043091, -0.137631, 1
1124, -0.500000, -0.012646, -0.113787, 0
1125, 0.500000, -0.786316, -0.698327, 1
1126, -0.500000, -0.008706, -0.537826, 0
1127, 0.500000, -0.595554, -0.314176, 1
1128, -0.500000, -0.603466, -0.302757, 0
1129, 0.500000, -0.387084, -0.491196, 1
1130, -0.500000, -0.585670, -0.050078, 0
1131, 0.500000, -0.112994, -0.032696, 1
1132, -0.500000, -0.498668, -0.546758, 0
1133, 0.500000, -0.594063, -0.772403, 1
1134, -0.500000, -0.751889, -0.759834, 0
1135, 0.500000, -0.678646, -0.788554, 1
1136, -0.500000, -0.175269, -0.464310, 0
1137, 0.500000, -0.219811, -0.219345, 1
1138, -0.500000, -0.278554, -0.262902, 0
1139, 0.500000, -0.356976, -0.678118, 1
1140, -0.500000, -0.376690, -0.730210, 0
1141, 0.500000, -0.576446, -0.772313, 1
1142, -0.500000, -0.468036, -0.758918, 0
1143, 0.500000, -0.673407, -0.271502, 1
1144, -0.500000, -0.261674, -0.260491, 0
1145, 0.500000, -0.349617, -0.434262, 1
1146, -0.500000, -0.310570, -0.049528, 0
1147, 0.500000, -0.053876, -0.396155, 1
1148, -0.500000, -0.596286, -0.647939, 0
1149, 0.500000, -0.755477, -0.135093, 1
1150, -0.500000, -0.194692, -0.634123, 0
1151, 0.500000, -0.123646, -0.756879, 1
1152, -0.500000, -0.685351, -0.343457, 0
1153, 0.500000, -0.563142, -0.550823, 1
1154, -0.500000, -0.606359, -0.507037, 0
1155, 0.500000, -0.428941, -0.569966, 1
1156, -0.500000, -0.437246, -0.592305, 0
1157, 0.500000, -0.542279, -0.105282, 1
1158, -0.500000, -0.138140, -0.002605, 0
1159, 0.500000, -0.763703, -0.786732, 1
1160, -0.500000, -0.263096, -0.313320, 0
1161, 0.500000, -0.420994, -0.573665, 1
1162, -0.500000, -0.362848, -0.474870, 0
1163, 0.500000, -0.556738, -0.546051, 1
1164, -0.500000, -0.709728, -0.512215, 0
1165, 0.500000, -0.681144, -0.491338, 1
1166, -0.500000, -0.346338, -0.004790, 0
1167, 0.500000, -0.448217, -0.618608, 1
1168, -0.500000, -0.735165, -0.598278, 0
1169, 0.500000, -0.369431, -0.128442, 1
1170, -0.500000, -0.305314, -0.798372, 0
1171, 0.500000, -0.698409, -0.742560, 1
1172, -0.500000, -0.177594, -0.027606, 0
1173, 0.500000, -0.047842, -0.315734, 1
1174, -0.500000, -0.030211, -0.398464, 0
1175, 0.500000, -0.302466, -0.293306, 1
1176, -0.500000, -0.298702, -0.723461, 0
1177, 0.500000, -0.453890, -0.248468, 1
1178, -0.500000, -0.785249, -0.597546, 0
1179, 0.500000, -0.794519, -0.694977, 1
1180, -0.500000, -0.309762, -0.262582, 0
1181, 0.500000, -0.773233, -0.243018, 1
1182, -0.500000, -0.654290, -0.421450, 0
1183, 0.500000, -0.061626, -0.589454, 1
1184, -0.500000, -0.606646, -0.431058, 0
1185, 0.500000, -0.304814, -0.111959, 1
1186, -0.500000, -0.016347, -0.203223, 0
1187, 0.500000, -0.054519, -0.193942, 1
1188, -0.500000, -0.617747, -0.489280, 0
1189, 0.500000, -0.509676, -0.234877, 1
1190, -0.500000, -0.087744, -0.399061, 0
1191, 0.500000, -0.115102, -0.386446, 1
1192, -0.500000, -0.709440, -0.155910, 0
1193, 0.500000, -0.634914, -0.694689, 1
1194, -0.500000, -0.753456, -0.216351, 0
1195, 0.500000, -0.176583, -0.650136, 1
1196, -0.500000, -0.478933, -0.149816, 0
1197, 0.500000, -0.093154, -0.333222, 1
1198, -0.500000, -0.158184, -0.541699, 0
1199, 0.500000, -0.509594, -0.764830, 1
1200, -0.500000, -0.172756, -0.014409, 0
1201, 0.500000, -0.463706, -0.189103, 1
1202, -0.500000, -0.604550, -0.518226, 0
1203, 0.500000, -0.769963, -0.009215, 1
1204, -0.500000, -0.207505, -0.066558, 0
1205, 0.500000, -0.244092, -0.295249, 1
1206, -0.500000, -0.465618, -0.359193, 0
1207, 0.500000, -0.268613, -0.375058, 1
1208, -0.500000, -0.102021, -0.103526, 0
1209, 0.500000, -0.656665, -0.055476, 1
1210, -0.500000, -0.319878, -0.420166, 0
1211, 0.500000, -0.705612, -0.798810, 1
1212, -0.500000, -0.156901, -0.385684, 0
1213, 0.500000, -0.718950, -0.702003, 1
1214, -0.500000, -0.127383, -0.428544, 0
1215, 0.500000, -0.253751, -0.300139, 1
1216, -0.500000, -0.029870, -0.717458, 0
1217, 0.500000, -0.076161, -0.634420, 1
1218, -0.500000, -0.435682, -0.046124, 0
1219, 0.500000, -0.643635, -0.230106, 1
1220, -0.500000, -0.499600, -0.087727, 0
1221, 0.500000, -0.525354, -0.165218, 1
1222, -0.500000, -0.033838, -0.793966, 0
1223, 0.500000, -0.127194, -0.522777, 1
1224, -0.500000, -0.484411, -0.370778, 0
1225, 0.500000, -0.578253, -0.004288, 1
1226, -0.500000, -0.790944, -0.070783, 0
1227, 0.500000, -0.390016, -0.147845, 1
1228, -0.500000, -0.456467, -0.308966, 0
1229, 0.500000, -0.436766, -0.170768, 1
1230, -0.500000, -0.324428, -0.690518, 0
1231, 0.500000, -0.057826, -0.354298, 1
1232, -0.500000, -0.607974, -0.133986, 0
1233, 0.500000, -0.188718, -0.630575, 1
1234, -0.500000, -0.567028, -0.419272, 0
1235, 0.500000, -0.060681, -0.266627, 1
1236, -0.500000, -0.093917, -0.172954, 0
1237, 0.500000, -0.018764, -0.514674, 1
1238, -0.500000, -0.553838, -0.145958, 0
1239, 0.500000, -0.237450, -0.238249, 1
1240, -0.500000, -0.516736, -0.402622, 0
1241, 0.500000, -0.629455, -0.094598, 1
1242, -0.500000, -0.473404, -0.219471, 0
1243, 0.500000, -0.629362, -0.516790, 1
1244, -0.500000, -0.115355, -0.266128, 0
1245, 0.500000, -0.687558, -0.026702, 1
1246, -0.500000, -0.156645, -0.745382, 0
1247, 0.500000, -0.767918, -0.351538, 1
1248, -0.500000, -0.466286, -0.543554, 0
1249, 0.500000, -0.569031, -0.620233, 1
1250, -0.500000, -0.162826, -0.629712, 0
1251, 0.500000, -0.086860, -0.256742, 1
1252, -0.500000, -0.389584, -0.492542, 0
1253, 0.500000, -0.358334, -0.143422, 1
1254, -0.500000, -0.638500, -0.595784, 0
1255, 0.500000, -0.381670, -0.742154, 1
1256, -0.500000, -0.198406, -0.598044, 0
1257, 0.500000, -0.036752, -0.258728, 1
1258, -0.500000, -0.404434, -0.253031, 0
1259, 0.500000, -0.362435, -0.519789, 1
1260, -0.500000, -0.519159, -0.249993, 0
1261, 0.500000, -0.133409, -0.262722, 1
1262, -0.500000, -0.582294, -0.101326, 0
1263, 0.500000, -0.201178, -0.635498, 1
1264, -0.500000, -0.644880, -0.770210, 0
1265, 0.500000, -0.455730, -0.394624, 1
1266, -0.500000, -0.186840, -0.129509, 0
1267, 0.500000, -0.238285, -0.576423, 1
1268, -0.500000, -0.622050, -0.596619, 0
1269, 0.500000, -0.719845, -0.047468, 1
1270, -0.500000, -0.392403, -0.688434, 0
1271, 0.500000, -0.789622, -0.177726, 1
1272, -0.500000, -0.073396, -0.413292, 0
1273, 0.500000, -0.436454, -0.477830, 1
1274, -0.500000, -0.666323, -0.385808, 0
1275, 0.500000, -0.584537, -0.772400, 1
1276, -0.500000, -0.222718, -0.717946, 0
1277, 0.500000, -0.622041, -0.005012, 1
1278, -0.500000, -0.019271, -0.023218, 0
1279, 0.500000, -0.640510, -0.251070, 1
1280, -0.500000, -0.793428, -0.296240, 0
1281, 0.500000, -0.645694, -0.180267, 1
1282, -0.500000, -0.012667, -0.083978, 0
1283, 0.500000, -0.343609, -0.634717, 1
1284, -0.500000, -0.267516, -0.650372, 0
1285, 0.500000, -0.682185, -0.659918, 1
1286, -0.500000, -0.125724, -0.258725, 0
1287, 0.500000, -0.037645, -0.199120, 1
1288, -0.500000, -0.258935, -0.061018, 0
1289, 0.500000, -0.676950, -0.125258, 1
1290, -0.500000, -0.446825, -0.461486, 0
1291, 0.500000, -0.484576, -0.256462, 1
1292, -0.500000, -0.766350, -0.306617, 0
1293, 0.500000, -0.261474, -0.372540, 1
1294, -0.500000, -0.329835, -0.488902, 0
1295, 0.500000, -0.210528, -0.710181, 1
1296, -0.500000, -0.372060, -0.056222, 0
1297, 0.500000, -0.477366, -0.384726, 1
1298, -0.500000, -0.527118, -0.020975, 0
1299, 0.500000, -0.219443, -0.794634, 1
1300, -0.500000, -0.258266, -0.488546, 0
1301, 0.500000, -0.241470, -0.383990, 1
1302, -0.500000, -0.747271, -0.666034, 0
1303, 0.500000, -0.170028, -0.206206, 1
1304, -0.500000, -0.313970, -0.433896, 0
1305, 0.500000, -0.718382, -0.347713, 1
1306, -0.500000, -0.482301, -0.789877, 0
1307, 0.500000, -0.604174, -0.448651, 1
1308, -0.500000, -0.296493, -0.452566, 0
1309, 0.500000, -0.021190, -0.213246, 1
1310, -0.500000, -0.141467, -0.618637, 0
1311, 0.500000, -0.123427, -0.513526, 1
1312, -0.500000, -0.261776, -0.600794, 0
1313, 0.500000, -0.485171, -0.788894, 1
1314, -0.500000, -0.208687, -0.291533, 0
1315, 0.500000, -0.370446, -0.053871, 1
1316, -0.500000, -0.780079, -0.198835, 0
1317, 0.500000, -0.437861, -0.314269, 1
1318, -0.500000, -0.451787, -0.194807, 0
1319, 0.500000, -0.520475, -0.765756, 1
1320, -0.500000, -0.628703, -0.025775, 0
1321, 0.500000, -0.700387, -0.311004, 1
1322, -0.500000, -0.015652, -0.504561, 0
1323, 0.500000, -0.346573, -0.312145, 1
1324, -0.500000, -0.157126, -0.754682, 0
1325, 0.500000, -0.112309, -0.685512, 1
1326, -0.500000, -0.573318, -0.235736, 0
1327, 0.500000, -0.785957, -0.035094, 1
1328, -0.500000, -0.423447, -0.471128, 0
1329, 0.500000, -0.410906, -0.219053, 1
1330, -0.500000, -0.762661, -0.368271, 0
1331, 0.500000, -0.272923, -0.329658, 1
1332, -0.500000, -0.567106, -0.297702, 0
1333, 0.500000, -0.643927, -0.605811, 1
1334, -0.500000, -0.492509, -0.751320, 0
1335, 0.500000, -0.571567, -0.708130, 1
1336, -0.500000, -0.777095, -0.471954, 0
1337, 0.500000, -0.606052, -0.792747, 1
1338, -0.500000, -0.563433, -0.152625, 0
1339, 0.500000, -0.691810, -0.307478, 1
1340, -0.500000, -0.107306, -0.004118, 0
1341, 0.500000, -0.192990, -0.267543, 1
1342, -0.500000, -0.626773, -0.565864, 0
1343, 0.500000, -0.302637, -0.250220, 1
1344, -0.500000, -0.236992, -0.300462, 0
1345, 0.500000, -0.056190, -0.586570, 1
1346, -0.500000, -0.668733, -0.329114, 0
1347, 0.500000, -0.503147, -0.022757, 1
1348, -0.500000, -0.626816, -0.347074, 0
1349, 0.500000, -0.628567, -0.706243, 1
1350, -0.500000, -0.298394, -0.787053, 0
1351, 0.500000, -0.614373, -0.662407, 1
1352, -0.500000, -0.459006, -0.420425, 0
1353, 0.500000, -0.242073, -0.609358, 1
1354, -0.500000, -0.159968, -0.520801, 0
1355, 0.500000, -0.116835, -0.267274, 1
1356, -0.500000, -0.524919, -0.696742, 0
1357, 0.500000, -0.121736, -0.738610, 1
1358, -0.500000, -0.462606, -0.424373, 0
1359, 0.500000, -0.575748, -0.286517, 1
1360, -0.500000, -0.724834, -0.631938, 0
1361, 0.500000, -0.460006, -0.180485, 1
1362, -0.500000, -0.161052, -0.163152, 0
1363, 0.500000, -0.203242, -0.374786, 1
1364, -0.500000, -0.097144, -0.031809, 0
1365, 0.500000, -0.667947, -0.782456, 1
1366, -0.500000, -0.405779, -0.069238, 0
1367, 0.500000, -0.644863, -0.064786, 1
1368, -0.500000, -0.489663, -0.086936, 0
1369, 0.500000, -0.261061, -0.236550, 1
1370, -0.500000, -0.194654, -0.764814, 0
1371, 0.500000, -0.090742, -0.306492, 1
1372, -0.500000, -0.661557, -0.212478, 0
1373, 0.500000, -0.245102, -0.711082, 1
1374, -0.500000, -0.636850, -0.020849, 0
1375, 0.500000, -0.584516, -0.148602, 1
1376, -0.500000, -0.239706, -0.244522, 0
1377, 0.500000, -0.716006, -0.787675, 1
1378, -0.500000, -0.794592, -0.119247, 0
1379, 0.500000, -0.362461, -0.091736, 1
1380, -0.500000, -0.537974, -0.617326, 0
1381, 0.500000, -0.074192, -0.143753, 1
1382, -0.500000, -0.686564, -0.719055, 0
1383, 0.500000, -0.595457, -0.763146, 1
1384, -0.500000, -0.392909, -0.443436, 0
1385, 0.500000, -0.199694, -0.587563, 1
1386, -0.500000, -0.408250, -0.290437, 0
1387, 0.500000, -0.094055, -0.656725, 1
1388, -0.500000, -0.502914, -0.726074, 0
1389, 0.500000, -0.567806, -0.726682, 1
1390, -0.500000, -0.746923, -0.739240, 0
1391, 0.500000, -0.462203, -0.186629, 1
1392, -0.500000, -0.183762, -0.378209, 0
1393, 0.500000, -0.561222, -0.565271, 1
1394, -0.500000, -0.084374, -0.123683, 0
1395, 0.500000, -0.657007, -0.622348, 1
1396, -0.500000, -0.327927, -0.731198, 0
1397, 0.500000, -0.353019, -0.214491, 1
1398, -0.500000, -0.237172, -0.535394, 0
1399, 0.500000, -0.564555, -0.216999, 1
1400, -0.500000, -0.178830, -0.764250, 0
1401, 0.500000, -0.391481, -0.587079, 1
1402, -0.500000, -0.641604, -0.072454, 0
1403, 0.500000, -0.030722, -0.344518, 1
1404, -0.500000, -0.798528, -0.185446, 0
1405, 0.500000, -0.658119, -0.332370, 1
1406, -0.500000, -0.124686, -0.320322, 0
1407, 0.500000, -0.105917, -0.695366, 1
1408, -0.500000, -0.285450, -0.667138, 0
1409, 0.500000, -0.460637, -0.369823, 1
1410, -0.500000, -0.377740, -0.317643, 0
1411, 0.500000, -0.579090, -0.292586, 1
1412, -0.500000, -0.635760, -0.132108, 0
1413, 0.500000, -0.507077, -0.459850, 1
1414, -0.500000, -0.254420, -0.658550, 0
1415, 0.500000, -0.263767, -0.433250, 1
1416, -0.500000, -0.622799, -0.655248, 0
1417, 0.500000, -0.607246, -0.051322, 1
1418, -0.500000, -0.314620, -0.637968, 0
1419, 0.500000, -0.782758, -0.700066, 1
1420, -0.500000, -0.023414, -0.640877, 0
1421, 0.500000, -0.619354, -0.148099, 1
1422, -0.500000, -0.548117, -0.312189, 0
1423, 0.500000, -0.430383, -0.420485, 1
1424, -0.500000, -0.566246, -0.091019, 0
1425, 0.500000, -0.790308, -0.143986, 1
1426, -0.500000, -0.795581, -0.156315, 0
1427, 0.500000, -0.023489, -0.631341, 1
1428, -0.500000, -0.675342, -0.117484, 0
1429, 0.500000, -0.678110, -0.129762, 1
1430, -0.500000, -0.776034, -0.141877, 0
1431, 0.500000, -0.563011, -0.598832, 1
1432, -0.500000, -0.384042, -0.757176, 0
1433, 0.500000, -0.237072, -0.698662, 1
1434, -0.500000, -0.595144, -0.219830, 0
1435, 0.500000, -0.185646, -0.205476, 1
1436, -0.500000, -0.060706, -0.005001, 0
1437, 0.500000, -0.353575, -0.195741, 1
1438, -0.500000, -0.317190, -0.783958, 0
1439, 0.500000, -0.616226, -0.083435, 1
1440, -0.500000, -0.461895, -0.193451, 0
1441, 0.500000, -0.614338, -0.457476, 1
1442, -0.500000, -0.349766, -0.224746, 0
1443, 0.500000, -0.675735, -0.225108, 1
1444, -0.500000, -0.342230, -0.553845, 0
1445, 0.500000, -0.354870, -0.318262, 1
1446, -0.500000, -0.695721, -0.504799, 0
1447, 0.500000, -0.504013, -0.279763, 1
1448, -0.500000, -0.461974, -0.741085, 0
1449, 0.500000, -0.565344, -0.257118, 1
1450, -0.500000, -0.160914, -0.750990, 0
1451, 0.500000, -0.462594, -0.608538, 1
1452, -0.500000, -0.342909, -0.403087, 0
1453, 0.500000, -0.391197, -0.247017, 1
1454, -0.500000, -0.773963, -0.207422, 0
1455, 0.500000, -0.717370, -0.022777, 1
1456, -0.500000, -0.787792, -0.118626, 0
1457, 0.500000, -0.480253, -0.337558, 1
1458, -0.500000, -0.343372, -0.355988, 0
1459, 0.500000, -0.149585, -0.685602, 1
1460, -0.500000, -0.109832, -0.504454, 0
1461, 0.500000, -0.203864, -0.392471, 1
1462, -0.500000, -0.596171, -0.707877, 0
1463, 0.500000, -0.259153, -0.258146, 1
1464, -0.500000, -0.235879, -0.024497, 0
1465, 0.500000, -0.102182, -0.396793, 1
1466, -0.500000, -0.362405, -0.151694, 0
1467, 0.500000, -0.592249, -0.292232, 1
1468, -0.500000, -0.141699, -0.183446, 0
1469, 0.500000, -0.539249, -0.115662, 1
1470, -0.500000, -0.777786, -0.456618, 0
1471, 0.500000, -0.525357, -0.765578, 1
1472, -0.500000, -0.575245, -0.205610, 0
1473, 0.500000, -0.303136, -0.118617, 1
1474, -0.500000, -0.148515, -0.452720, 0
1475, 0.500000, -0.391136, -0.645266, 1
1476, -0.500000, -0.544093, -0.595000, 0
1477, 0.500000, -0.237737, -0.340264, 1
1478, -0.500000, -0.089794, -0.496890, 0
1479, 0.500000, -0.185328, -0.325674, 1
1480, -0.500000, -0.108305, -0.287510, 0
1481, 0.500000, -0.309385, -0.057628, 1
1482, -0.500000, -0.439204, -0.101634, 0
1483, 0.500000, -0.349860, -0.580903, 1
1484, -0.500000, -0.671998, -0.089108, 0
1485, 0.500000, -0.283483, -0.649784, 1
1486, -0.500000, -0.132645, -0.008840, 0
1487, 0.500000, -0.615362, -0.707889, 1
1488, -0.500000, -0.601368, -0.505415, 0
1489, 0.500000, -0.413424, -0.749883, 1
1490, -0.500000, -0.545054, -0.004560, 0
1491, 0.500000, -0.595149, -0.676065, 1
1492, -0.500000, -0.186478, -0.419804, 0
1493, 0.500000, -0.216328, -0.663190, 1
1494, -0.500000, -0.116694, -0.401656, 0
1495, 0.500000, -0.575782, -0.611916, 1
1496, -0.500000, -0.276084, -0.472086, 0
1497, 0.500000, -0.669544, -0.715287, 1
1498, -0.500000, -0.160638, -0.219403, 0
1499, 0.500000, -0.083109, -0.032635, 1
1500, -0.500000, -0.695430, -0.753510, 0
1501, 0.500000, -0.682419, -0.028074, 1
1502, -0.500000, -0.762350, -0.084698, 0
1503, 0.500000, -0.735963, -0.150636, 1
1504, -0.500000, -0.177032, -0.736305, 0
1505, 0.500000, -0.100519, -0.722086, 1
1506, -0.500000, -0.327783, -0.282586, 0
1507, 0.500000, -0.185069, -0.101179, 1
1508, -0.500000, -0.702390, -0.401397, 0
1509, 0.500000, -0.351288, -0.406001, 1
1510, -0.500000, -0.389970, -0.127070, 0
1511, 0.500000, -0.217917, -0.252973, 1
1512, -0.500000, -0.599156, -0.474379, 0
1513, 0.500000, -0.168260, -0.759794, 1
1514, -0.500000, -0.280701, -0.638286, 0
1515, 0.500000, -0.792429, -0.176130, 1
1516, -0.500000, -0.591797, -0.261766, 0
1517, 0.500000, -0.204204, -0.141065, 1
1518, -0.500000, -0.733382, -0.527086, 0
1519, 0.500000, -0.291701, -0.110414, 1
1520, -0.500000, -0.463390, -0.779138, 0
1521, 0.500000, -0.419418, -0.378091, 1
1522, -0.500000, -0.261724, -0.604487, 0
1523, 0.500000, -0.066189, -0.551031, 1
1524, -0.500000, -0.592802, -0.417476, 0
1525, 0.500000, -0.157032, -0.569690, 1
1526, -0.500000, -0.544546, -0.761867, 0
1527, 0.500000, -0.022663, -0.730620, 1
1528, -0.500000, -0.436246, -0.577841, 0
1529, 0.500000, -0.690414, -0.303865, 1
1530, -0.500000, -0.416127, -0.269760, 0
1531, 0.500000, -0.479995, -0.594842, 1
1532, -0.500000, -0.118444, -0.684199, 0
1533, 0.500000, -0.322826, -0.438745, 1
1534, -0.500000, -0.411284, -0.614526, 0
1535, 0.500000, -0.549159, -0.461593, 1
1536, -0.500000, -0.180582, -0.168578, 0
1537, 0.500000, -0.426602, -0.442306, 1
1538, -0.500000, -0.359983, -0.492790, 0
1539, 0.500000, -0.193338, -0.152785, 1
1540, -0.500000, -0.110266, -0.737288, 0
1541, 0.500000, -0.309394, -0.241731, 1
1542, -0.500000, -0.286074, -0.332056, 0
1543, 0.500000, -0.172351, -0.309238, 1
1544, -0.500000, -0.109897, -0.449682, 0
1545, 0.500000, -0.613102, -0.112942, 1
1546, -0.500000, -0.306361, -0.293098, 0
1547, 0.500000, -0.294703, -0.011723, 1
1548, -0.500000, -0.564214, -0.617528, 0
1549, 0.500000, -0.450468, -0.562417, 1
1550, -0.500000, -0.018973, -0.586546, 0
1551, 0.500000, -0.224010, -0.586474, 1
1552, -0.500000, -0.342042, -0.237530, 0
1553, 0.500000, -0.228779, -0.702025, 1
1554, -0.500000, -0.317238, -0.009035, 0
1555, 0.500000, -0.441727, -0.014423, 1
1556, -0.500000, -0.333241, -0.751121, 0
1557, 0.500000, -0.256154, -0.619314, 1
1558, -0.500000, -0.283177, -0.015423, 0
1559, 0.500000, -0.515470, -0.779992, 1
1560, -0.500000, -0.052024, -0.328573, 0
1561, 0.500000, -0.479853, -0.745303, 1
1562, -0.500000, -0.621670, -0.361474, 0
1563, 0.500000, -0.757026, -0.385884, 1
1564, -0.500000, -0.565920, -0.794413, 0
1565, 0.500000, -0.148301, -0.584893, 1
1566, -0.500000, -0.580958, -0.759229, 0
1567, 0.500000, -0.758284, -0.123000, 1
1568, -0.500000, -0.583677, -0.187063, 0
1569, 0.500000, -0.025025, -0.100915, 1
1570, -0.500000, -0.583017, -0.466752, 0
1571, 0.500000, -0.115338, -0.503176, 1
1572, -0.500000, -0.004790, -0.758410, 0
1573, 0.500000, -0.709408, -0.674886, 1
1574, -0.500000, -0.773834, -0.424878, 0
1575, 0.500000, -0.241795, -0.025858, 1
1576, -0.500000, -0.753450, -0.721648, 0
1577, 0.500000, -0.358079, -0.162038, 1
1578, -0.500000, -0.670040, -0.315106, 0
1579, 0.500000, -0.134841, -0.435960, 1
1580, -0.500000, -0.309518, -0.670060, 0
1581, 0.500000, -0.607770, -0.090477, 1
1582, -0.500000, -0.216207, -0.566054, 0
1583, 0.500000, -0.213477, -0.799883, 1
1584, -0.500000, -0.340036, -0.625420, 0
1585, 0.500000, -0.487717, -0.509971, 1
1586, -0.500000, -0.679090, -0.603054, 0
1587, 0.500000, -0.213146, -0.683880, 1
1588, -0.500000, -0.561465, -0.122554, 0
1589, 0.500000, -0.558766, -0.122217, 1
1590, -0.500000, -0.547433, -0.387479, 0
1591, 0.500000, -0.534993, -0.087802, 1
1592, -0.500000, -0.309126, -0.093072, 0
1593, 0.500000, -0.249840, -0.566085, 1
1594, -0.500000, -0.408178, -0.771599, 0
1595, 0.500000, -0.202044, -0.304614, 1
1596, -0.500000, -0.641659, -0.009814, 0
1597, 0.500000, -0.782010, -0.057866, 1
1598, -0.500000, -0.162787, -0.195486, 0
1599, 0.500000, -0.444667, -0.502823, 1
1600, -0.500000, -0.407825, -0.132384, 0
1601, 0.500000, -0.212794, -0.286914, 1
1602, -0.500000, -0.735438, -0.012859, 0
1603, 0.500000, -0.170794, -0.083822, 1
1604, -0.500000, -0.135414, -0.316478, 0
1605, 0.500000, -0.206038, -0.269764, 1
1606, -0.500000, -0.703957, -0.741031, 0
1607, 0.500000, -0.357566, -0.600002, 1
1608, -0.500000, -0.034103, -0.194323, 0
1609, 0.500000, -0.366086, -0.029199, 1
1610, -0.500000, -0.165922, -0.155048, 0
1611, 0.500000, -0.333814, -0.007581, 1
1612, -0.500000, -0.551781, -0.315823, 0
1613, 0.500000, -0.452365, -0.714568, 1
1614, -0.500000, -0.098228, -0.097032, 0
1615, 0.500000, -0.004310, -0.092970, 1
1616, -0.500000, -0.616334, -0.604022, 0
1617, 0.500000, -0.379885, -0.551772, 1
1618, -0.500000, -0.616881, -0.137597, 0
1619, 0.500000, -0.635594, -0.339213, 1
1620, -0.500000, -0.040993, -0.428550, 0
1621, 0.500000, -0.608977, -0.331868, 1
1622, -0.500000, -0.369581, -0.553460, 0
1623, 0.500000, -0.518787, -0.790602, 1
1624, -0.500000, -0.334702, -0.471791, 0
1625, 0.500000, -0.019801, -0.500624, 1
1626, -0.500000, -0.626839, -0.740532, 0
1627, 0.500000, -0.095123, -0.765538, 1
1628, -0.500000, -0.643274, -0.134406, 0
1629, 0.500000, -0.267025, -0.328419, 1
1630, -0.500000, -0.231438, -0.271334, 0
1631, 0.500000, -0.421390, -0.047772, 1
1632, -0.500000, -0.075357, -0.388193, 0
1633, 0.500000, -0.186462, -0.279156, 1
1634, -0.500000, -0.525790, -0.408974, 0
1635, 0.500000, -0.618368, -0.153701, 1
1636, -0.500000, -0.037524, -0.014263, 0
1637, 0.500000, -0.485568, -0.794022, 1
1638, -0.500000, -0.154642, -0.204355, 0
1639, 0.500000, -0.784624, -0.489343, 1
1640, -0.500000, -0.676146, -0.391343, 0
1641, 0.500000, -0.576885, -0.089904, 1
1642, -0.500000, -0.718794, -0.258926, 0
1643, 0.500000, -0.055442, -0.562066, 1
1644, -0.500000, -0.393332, -0.322467, 0
1645, 0.500000, -0.477404, -0.211689, 1
1646, -0.500000, -0.180720, -0.098794, 0
1647, 0.500000, -0.646379, -0.642995, 1
1648, -0.500000, -0.486986, -0.032842, 0
1649, 0.500000, -0.122150, -0.599694, 1
1650, -0.500000, -0.028734, -0.327437, 0
1651, 0.500000, -0.753394, -0.453176, 1
1652, -0.500000, -0.728618, -0.025881, 0
1653, 0.500000, -0.447198, -0.470178, 1
1654, -0.500000, -0.617154, -0.018741, 0
1655, 0.500000, -0.546439, -0.493301, 1
1656, -0.500000, -0.797002, -0.323324, 0
1657, 0.500000, -0.170123, -0.715795, 1
1658, -0.500000, -0.582250, -0.225566, 0
1659, 0.500000, -0.064780, -0.175582, 1
1660, -0.500000, -0.134951, -0.542184, 0
1661, 0.500000, -0.774189, -0.315671, 1
1662, -0.500000, -0.227896, -0.620567, 0
1663, 0.500000, -0.158666, -0.301800, 1
1664, -0.500000, -0.653409, -0.667734, 0
1665, 0.500000, -0.101494, -0.269061, 1
1666, -0.500000, -0.195171, -0.441806, 0
1667, 0.500000, -0.722236, -0.510708, 1
1668, -0.500000, -0.054605, -0.369434, 0
1669, 0.500000, -0.180886, -0.671759, 1
1670, -0.500000, -0.775093, -0.727324, 0
1671, 0.500000, -0.751978, -0.359013, 1
1672, -0.500000, -0.637566, -0.122101, 0
1673, 0.500000, -0.274808, -0.006734, 1
1674, -0.500000, -0.734584, -0.726506, 0
1675, 0.500000, -0.569234, -0.069535, 1
1676, -0.500000, -0.055608, -0.543422, 0
1677, 0.500000, -0.385206, -0.283503, 1
1678, -0.500000, -0.363990, -0.130790, 0
1679, 0.500000, -0.585303, -0.604317, 1
1680, -0.500000, -0.798524, -0.273715, 0
1681, 0.500000, -0.073377, -0.580614, 1
1682, -0.500000, -0.302440, -0.795613, 0
1683, 0.500000, -0.678240, -0.357045, 1
1684, -0.500000, -0.751966, -0.446043, 0
1685, 0.500000, -0.615722, -0.727058, 1
1686, -0.500000, -0.373367, -0.567699, 0
1687, 0.500000, -0.286071, -0.597852, 1
1688, -0.500000, -0.276718, -0.147797, 0
1689, 0.500000, -0.604586, -0.211302, 1
1690, -0.500000, -0.461221, -0.373820, 0
1691, 0.500000, -0.667755, -0.516829, 1
1692, -0.500000, -0.117242, -0.252961, 0
1693, 0.500000, -0.000332, -0.068150, 1
1694, -0.500000, -0.770669, -0.172554, 0
1695, 0.500000, -0.672466, -0.356111, 1
1696, -0.500000, -0.446269, -0.745843, 0
1697, 0.500000, -0.136725, -0.335626, 1
1698, -0.500000, -0.741456, -0.401883, 0
1699, 0.500000, -0.692671, -0.693422, 1
1700, -0.500000, -0.047926, -0.095311, 0
1701, 0.500000, -0.207398, -0.008212, 1
1702, -0.500000, -0.249929, -0.080387, 0
1703, 0.500000, -0.606063, -0.526646, 1
1704, -0.500000, -0.615102, -0.797567, 0
1705, 0.500000, -0.737949, -0.276323, 1
1706, -0.500000, -0.758306, -0.605704, 0
1707, 0.500000, -0.793151, -0.462466, 1
1708, -0.500000, -0.445583, -0.793483, 0
1709, 0.500000, -0.530616, -0.003170, 1
1710, -0.500000, -0.166036, -0.403082, 0
1711, 0.500000, -0.359282, -0.199223, 1
1712, -0.500000, -0.348926, -0.082925, 0
1713, 0.500000, -0.534850, -0.677300, 1
1714, -0.500000, -0.484807, -0.014438, 0
1715, 0.500000, -0.570721, -0.532734, 1
1716, -0.500000, -0.109750, -0.365037, 0
1717, 0.500000, -0.127863, -0.359678, 1
1718, -0.500000, -0.445424, -0.733926, 0
1719, 0.500000, -0.473242, -0.260526, 1
1720, -0.500000, -0.318412, -0.798110, 0
1721, 0.500000, -0.536849, -0.276718, 1
1722, -0.500000, -0.190731, -0.530000, 0
1723, 0.500000, -0.739183, -0.636314, 1
1724, -0.500000, -0.110401, -0.469798, 0
1725, 0.500000, -0.226402, -0.663355, 1
1726, -0.500000, -0.459799, -0.585684, 0
1727, 0.500000, -0.449497, -0.395642, 1
1728, -0.500000, -0.255526, -0.184346, 0
1729, 0.500000, -0.272942, -0.740334, 1
1730, -0.500000, -0.585702, -0.430582, 0
1731, 0.500000, -0.059986, -0.282370, 1
1732, -0.500000, -0.795618, -0.187849, 0
1733, 0.500000, -0.228966, -0.441042, 1
1734, -0.500000, -0.508694, -0.702209, 0
1735, 0.500000, -0.701567, -0.027106, 1
1736, -0.500000, -0.700318, -0.025334, 0
1737, 0.500000, -0.690741, -0.091049, 1
1738, -0.500000, -0.142252, -0.629924, 0
1739, 0.500000, -0.314282, -0.252653, 1
1740, -0.500000, -0.686641, -0.127602, 0
1741, 0.500000, -0.502926, -0.733358, 1
1742, -0.500000, -0.713286, -0.152423, 0
1743, 0.500000, -0.329000, -0.168812, 1
1744, -0.500000, -0.723687, -0.601942, 0
1745, 0.500000, -0.496064, -0.096308, 1
1746, -0.500000, -0.232523, -0.142968, 0
1747, 0.500000, -0.378678, -0.228142, 1
1748, -0.500000, -0.330816, -0.607644, 0
1749, 0.500000, -0.256102, -0.426428, 1
1750, -0.500000, -0.096770, -0.157669, 0
1751, 0.500000, -0.453533, -0.384006, 1
1752, -0.500000, -0.569921, -0.344274, 0
1753, 0.500000, -0.061974, -0.712173, 1
1754, -0.500000, -0.561116, -0.376255, 0
1755, 0.500000, -0.164826, -0.034674, 1
1756, -0.500000, -0.503857, -0.254670, 0
1757, 0.500000, -0.768032, -0.004061, 1
1758, -0.500000, -0.794012, -0.297032, 0
1759, 0.500000, -0.559791, -0.717698, 1
1760, -0.500000, -0.485893, -0.642774, 0
1761, 0.500000, -0.400925, -0.718416, 1
1762, -0.500000, -0.785742, -0.779602, 0
1763, 0.500000, -0.533475, -0.703476, 1
1764, -0.500000, -0.174164, -0.789577, 0
1765, 0.500000, -0.329903, -0.657853, 1
1766, -0.500000, -0.534163, -0.370354, 0
1767, 0.500000, -0.241859, -0.304084, 1
1768, -0.500000, -0.301546, -0.303833, 0
1769, 0.500000, -0.216257, -0.449581, 1
1770, -0.500000, -0.267006, -0.768001, 0
1771, 0.500000, -0.484255, -0.357782, 1
1772, -0.500000, -0.609590, -0.452287, 0
1773, 0.500000, -0.748761, -0.603602, 1
1774, -0.500000, -0.336238, -0.508552, 0
1775, 0.500000, -0.108218, -0.022130, 1
1776, -0.500000, -0.738244, -0.509142, 0
1777, 0.500000, -0.327464, -0.310903, 1
1778, -0.500000, -0.075663, -0.447858, 0
1779, 0.500000, -0.214379, -0.636746, 1
1780, -0.500000, -0.437434, -0.131201, 0
1781, 0.500000, -0.494598, -0.558515, 1
1782, -0.500000, -0.088474, -0.323376, 0
1783, 0.500000, -0.449518, -0.390020, 1
1784, -0.500000, -0.627209, -0.665774, 0
1785, 0.500000, -0.039600, -0.481133, 1
1786, -0.500000, -0.220694, -0.110774, 0
1787, 0.500000, -0.038914, -0.030283, 1
1788, -0.500000, -0.149978, -0.374593, 0
1789, 0.500000, -0.633885, -0.486216, 1
1790, -0.500000, -0.470063, -0.742102, 0
1791, 0.500000, -0.508346, -0.408306, 1
1792, -0.500000, -0.038163, -0.422727, 0
1793, 0.500000, -0.719210, -0.113826, 1
1794, -0.500000, -0.070585, -0.520507, 0
1795, 0.500000, -0.750571, -0.094937, 1
1796, -0.500000, -0.651707, -0.032088, 0
1797, 0.500000, -0.240370, -0.327099, 1
1798, -0.500000, -0.355463, -0.689888, 0
1799, 0.500000, -0.304037, -0.569590, 1
1800, -0.500000, -0.555662, -0.730555, 0
1801, 0.500000, -0.250723, -0.363274, 1
1802, -0.500000, -0.041329, -0.676555, 0
1803, 0.500000, -0.393558, -0.191307, 1
1804, -0.500000, -0.251148, -0.614360, 0
1805, 0.500000, -0.677522, -0.721211, 1
1806, -0.500000, -0.143381, -0.772786, 0
1807, 0.500000, -0.716436, -0.181544, 1
1808, -0.500000, -0.782432, -0.635646, 0
1809, 0.500000, -0.682289, -0.053016, 1
1810, -0.500000, -0.743070, -0.219778, 0
1811, 0.500000, -0.534871, -0.181696, 1
1812, -0.500000, -0.251866, -0.775241, 0
1813, 0.500000, -0.508795, -0.607329, 1
1814, -0.500000, -0.665129, -0.012832, 0
1815, 0.500000, -0.763838, -0.007709, 1
1816, -0.500000, -0.743387, -0.214560, 0
1817, 0.500000, -0.757902, -0.784715, 1
1818, -0.500000, -0.478034, -0.351458, 0
1819, 0.500000, -0.562941, -0.316100, 1
1820, -0.500000, -0.552737, -0.440463, 0
1821, 0.500000, -0.237311, -0.696118, 1
1822, -0.500000, -0.000167, -0.540665, 0
1823, 0.500000, -0.464580, -0.782599, 1
1824, -0.500000, -0.763229, -0.346869, 0
1825, 0.500000, -0.422534, -0.706299, 1
1826, -0.500000, -0.566646, -0.544322, 0
1827, 0.500000, -0.087995, -0.018512, 1
1828, -0.500000, -0.106482, -0.183708, 0
1829, 0.500000, -0.212759, -0.358529, 1
1830, -0.500000, -0.196540, -0.176597, 0
1831, 0.500000, -0.753156, -0.526845, 1
1832, -0.500000, -0.778075, -0.711057, 0
1833, 0.500000, -0.098478, -0.043027, 1
1834, -0.500000, -0.649434, -0.661419, 0
1835, 0.500000, -0.359127, -0.402170, 1
1836, -0.500000, -0.688800, -0.183356, 0
1837, 0.500000, -0.685206, -0.275886, 1
1838, -0.500000, -0.724021, -0.349786, 0
1839, 0.500000, -0.645403, -0.687250, 1
1840, -0.500000, -0.696655, -0.654854, 0
1841, 0.500000, -0.180466, -0.050220, 1
1842, -0.500000, -0.399177, -0.655380, 0
1843, 0.500000, -0.068732, -0.505658, 1
1844, -0.500000, -0.039088, -0.668410, 0
1845, 0.500000, -0.451106, -0.622546, 1
1846, -0.500000, -0.431924, -0.404261, 0
1847, 0.500000, -0.349390, -0.796918, 1
1848, -0.500000, -0.315318, -0.447869, 0
1849, 0.500000, -0.039944, -0.551670, 1
1850, -0.500000, -0.309288, -0.785990, 0
1851, 0.500000, -0.540758, -0.585006, 1
1852, -0.500000, -0.169346, -0.425965, 0
1853, 0.500000, -0.060892, -0.480285, 1
1854, -0.500000, -0.775751, -0.706294, 0
1855, 0.500000, -0.754452, -0.259325, 1
1856, -0.500000, -0.561149, -0.134918, 0
1857, 0.500000, -0.309544, -0.160326, 1
1858, -0.500000, -0.790298, -0.765194, 0
1859, 0.500000, -0.252902, -0.416304, 1
1860, -0.500000, -0.633603, -0.704008, 0
1861, 0.500000, -0.238850, -0.652446, 1
1862, -0.500000, -0.695187, -0.588240, 0
1863, 0.500000, -0.236282, -0.597423, 1
1864, -0.500000, -0.236109, -0.663144, 0
1865, 0.500000, -0.349093, -0.132315, 1
1866, -0.500000, -0.649133, -0.089851, 0
1867, 0.500000, -0.717321, -0.405397, 1
1868, -0.500000, -0.515816, -0.778213, 0
1869, 0.500000, -0.085681, -0.078486, 1
1870, -0.500000, -0.271426, -0.427051, 0
1871, 0.500000, -0.337810, -0.032574, 1
1872, -0.500000, -0.561970, -0.647354, 0
1873, 0.500000, -0.192900, -0.139186, 1
1874, -0.500000, -0.612548, -0.032721, 0
1875, 0.500000, -0.142409, -0.033070, 1
1876, -0.500000, -0.323646, -0.381258, 0
1877, 0.500000, -0.272434, -0.218834, 1
1878, -0.500000, -0.556417, -0.508714, 0
1879, 0.500000, -0.016256, -0.379444, 1
1880, -0.500000, -0.371858, -0.365349, 0
1881, 0.500000, -0.511758, -0.220991, 1
1882, -0.500000, -0.042118, -0.015998, 0
1883, 0.500000, -0.626387, -0.144852, 1
1884, -0.500000, -0.381129, -0.298986, 0
1885, 0.500000, -0.223337, -0.652554, 1
1886, -0.500000, -0.726038, -0.561146, 0
1887, 0.500000, -0.685128, -0.074926, 1
1888, -0.500000, -0.795418, -0.464946, 0
1889, 0.500000, -0.601030, -0.607966, 1
1890, -0.500000, -0.084585, -0.743438, 0
1891, 0.500000, -0.227954, -0.408231, 1
1892, -0.500000, -0.711615, -0.500387, 0
1893, 0.500000, -0.213982, -0.468031, 1
1894, -0.500000, -0.209102, -0.230238, 0
1895, 0.500000, -0.047475, -0.167878, 1
1896, -0.500000, -0.182506, -0.146152, 0
1897, 0.500000, -0.775787, -0.224623, 1
1898, -0.500000, -0.162150, -0.602174, 0
1899, 0.500000, -0.369474, -0.130196, 1
1900, -0.500000, -0.488079, -0.179730, 0
1901, 0.500000, -0.782750, -0.414117, 1
1902, -0.500000, -0.740876, -0.254796, 0
1903, 0.500000, -0.075961, -0.323213, 1
1904, -0.500000, -0.719742, -0.676990, 0
1905, 0.500000, -0.131179, -0.391244, 1
1906, -0.500000, -0.207347, -0.746051, 0
1907, 0.500000, -0.799475, -0.118962, 1
1908, -0.500000, -0.446438, -0.600376, 0
1909, 0.500000, -0.586994, -0.242458, 1
1910, -0.500000, -0.030614, -0.634468, 0
1911, 0.500000, -0.410335, -0.600038, 1
1912, -0.500000, -0.780620, -0.386122, 0
1913, 0.500000, -0.411579, -0.529687, 1
1914, -0.500000, -0.575214, -0.367972, 0
1915, 0.500000, -0.659883, -0.650211, 1
1916, -0.500000, -0.547702, -0.642633, 0
1917, 0.500000, -0.651246, -0.075496, 1
1918, -0.500000, -0.484347, -0.727206, 0
1919, 0.500000, -0.398709, -0.791006, 1
1920, -0.500000, -0.191115, -0.116806, 0
1921, 0.500000, -0.382250, -0.398462, 1
1922, -0.500000, -0.062857, -0.768644, 0
1923, 0.500000, -0.517425, -0.509294, 1
1924, -0.500000, -0.569019, -0.691336, 0
1925, 0.500000, -0.338670, -0.186552, 1
1926, -0.500000, -0.525804, -0.335923, 0
1927, 0.500000, -0.786590, -0.093342, 1
1928, -0.500000, -0.308963, -0.398168, 0
1929, 0.500000, -0.623030, -0.471095, 1
1930, -0.500000, -0.766140, -0.069831, 0
1931, 0.500000, -0.321306, -0.100759, 1
1932, -0.500000, -0.712464, -0.172553, 0
1933, 0.500000, -0.176255, -0.783729, 1
1934, -0.500000, -0.486678, -0.574963, 0
1935, 0.500000, -0.774735, -0.264711, 1
1936, -0.500000, -0.691769, -0.356986, 0
1937, 0.500000, -0.663174, -0.754626, 1
1938, -0.500000, -0.712548, -0.767516, 0
1939, 0.500000, -0.050838, -0.481567, 1
1940, -0.500000, -0.658852, -0.389507, 0
1941, 0.500000, -0.668118, -0.771574, 1
1942, -0.500000, -0.312349, -0.241626, 0
1943, 0.500000, -0.064917, -0.621311, 1
1944, -0.500000, -0.639794, -0.274864, 0
1945, 0.500000, -0.292406, -0.192852, 1
1946, -0.500000, -0.344695, -0.200631, 0
1947, 0.500000, -0.293611, -0.644077, 1
1948, -0.500000, -0.373184, -0.469866, 0
1949, 0.500000, -0.627806, -0.446779, 1
1950, -0.500000, -0.631748, -0.602541, 0
1951, 0.500000, -0.711490, -0.523517, 1
1952, -0.500000, -0.546445, -0.161582, 0
1953, 0.500000, -0.065060, -0.458993, 1
1954, -0.500000, -0.129098, -0.502816, 0
1955, 0.500000, -0.140559, -0.374868, 1
1956, -0.500000, -0.479242, -0.395596, 0
1957, 0.500000, -0.733361, -0.791590, 1
1958, -0.500000, -0.637222, -0.798278, 0
1959, 0.500000, -0.199820, -0.063934, 1
1960, -0.500000, -0.660060, -0.492226, 0
1961, 0.500000, -0.256786, -0.204754, 1
1962, -0.500000, -0.692858, -0.550398, 0
1963, 0.500000, -0.435750, -0.652959, 1
1964, -0.500000, -0.607182, -0.650474, 0
1965, 0.500000, -0.686657, -0.438930, 1
1966, -0.500000, -0.039933, -0.598147, 0
1967, 0.500000, -0.549365, -0.586378, 1
1968, -0.500000, -0.346647, -0.201343, 0
1969, 0.500000, -0.632289, -0.062663, 1
1970, -0.500000, -0.704159, -0.359766, 0
1971, 0.500000, -0.437531, -0.770319, 1
1972, -0.500000, -0.755362, -0.370892, 0
1973, 0.500000, -0.761909, -0.179502, 1
1974, -0.500000, -0.756087, -0.161729, 0
1975, 0.500000, -0.243437, -0.203066, 1
1976, -0.500000, -0.240873, -0.500223, 0
1977, 0.500000, -0.794738, -0.520649, 1
1978, -0.500000, -0.637539, -0.430488, 0
1979, 0.500000, -0.373608, -0.031640, 1
1980, -0.500000, -0.280962, -0.647183, 0
1981, 0.500000, -0.470570, -0.320894, 1
1982, -0.500000, -0.032248, -0.606852, 0
1983, 0.500000, -0.494190, -0.378895, 1
1984, -0.500000, -0.008195, -0.326478, 0
1985, 0.500000, -0.441558, -0.299272, 1
1986, -0.500000, -0.686245, -0.466007, 0
1987, 0.500000, -0.269591, -0.228525, 1
1988, -0.500000, -0.423817, -0.618418, 0
1989, 0.500000, -0.408027, -0.766822, 1
1990, -0.500000, -0.780146, -0.651464, 0
1991, 0.500000, -0.169888, -0.607938, 1
1992, -0.500000, -0.738606, -0.164626, 0
1993, 0.500000, -0.328586, -0.163063, 1
1994, -0.500000, -0.182032, -0.289112, 0
1995, 0.500000, -0.194703, -0.049911, 1
1996, -0.500000, -0.136295, -0.252190, 0
1997, 0.500000, -0.370806, -0.168543, 1
1998, -0.500000, -0.059042, -0.451914, 0
1999, 0.500000, -0.134356, -0.454156, 1
